set search_path to banco;

--Banco JA ERA feliz
--nire,nome,dataFundacao,logradouro,numeroRua,bairro,cidade,estado
-- OK! (mudei 'JamajBank' para 'Panamericano' e 'BrunoBank' para 'Banco do Recife')

INSERT INTO Banco (nire,nome,dataFundacao,logradouro,numeroRua,bairro,cidade,estado) VALUES (01,'Bank of America',to_date('01/01/1800','dd/mm/yyyy'),'avenida agamenon magalhaes',123,'pina','recife','PE');
INSERT INTO Banco (nire,nome,dataFundacao,logradouro,numeroRua,bairro,cidade,estado) VALUES (02,'CitiBank',to_date('24/04/1990','dd/mm/yyyy'),'rua da harmonia',456,'pina','recife','PE');
INSERT INTO Banco (nire,nome,dataFundacao,logradouro,numeroRua,bairro,cidade,estado) VALUES (03,'Banco Real',to_date('04/06/1845','dd/mm/yyyy'),'rua francisco alves',789,'torre','recife','PE');
INSERT INTO Banco (nire,nome,dataFundacao,logradouro,numeroRua,bairro,cidade,estado) VALUES (04,'Banco Itaú',to_date('06/07/1908','dd/mm/yyyy'),'avenida rosa e silva',147,'espinheiro','recife','PE');
INSERT INTO Banco (nire,nome,dataFundacao,logradouro,numeroRua,bairro,cidade,estado) VALUES (05,'Branco do Brasil',to_date('07/09/1505','dd/mm/yyyy'),'avenida engenheiro abdias de carvalho',258,'derby','recife','PE');
INSERT INTO Banco (nire,nome,dataFundacao,logradouro,numeroRua,bairro,cidade,estado) VALUES (06,'Bradesco',to_date('09/01/1802','dd/mm/yyyy'),'rua da concordia',369,'pina','recife','PE');
INSERT INTO Banco (nire,nome,dataFundacao,logradouro,numeroRua,bairro,cidade,estado) VALUES (07,'GabiBank',to_date('07/08/2000','dd/mm/yyyy'),'rua da alergia',753,'espinheiro','recife','PE');
INSERT INTO Banco (nire,nome,dataFundacao,logradouro,numeroRua,bairro,cidade,estado) VALUES (08,'AndrezaBank',to_date('02/01/2001','dd/mm/yyyy'),'rua da alegria',861,'torre','recife','PE');
INSERT INTO Banco (nire,nome,dataFundacao,logradouro,numeroRua,bairro,cidade,estado) VALUES (09,'AidaBank',to_date('03/04/2002','dd/mm/yyyy'),'rua da tristeza',942,'espinheiro','recife','PE');
INSERT INTO Banco (nire,nome,dataFundacao,logradouro,numeroRua,bairro,cidade,estado) VALUES (10,'Panamericano',to_date('06/05/2003','dd/mm/yyyy'),'rua do pink',951,'pina','recife','PE');
INSERT INTO Banco (nire,nome,dataFundacao,logradouro,numeroRua,bairro,cidade,estado) VALUES (11,'WalberBank',to_date('07/08/2004','dd/mm/yyyy'),'rua abestalhada',843,'espinheiro','recife','PE');
INSERT INTO Banco (nire,nome,dataFundacao,logradouro,numeroRua,bairro,cidade,estado) VALUES (12,'Banco do Recife',to_date('09/01/2005','dd/mm/yyyy'),'rua timida',762,'torre','recife','PE');
INSERT INTO Banco (nire,nome,dataFundacao,logradouro,numeroRua,bairro,cidade,estado) VALUES (13,'UniBank',to_date('17/08/1868','dd/mm/yyyy'),'avenida gargalhada',561,'espinheiro','recife','PE');
INSERT INTO Banco (nire,nome,dataFundacao,logradouro,numeroRua,bairro,cidade,estado) VALUES (14,'Banco Sofisa',to_date('06/09/1969','dd/mm/yyyy'),'avenida peixinho',891,'pina','recife','PE');
INSERT INTO Banco (nire,nome,dataFundacao,logradouro,numeroRua,bairro,cidade,estado) VALUES (15,'Febraban',to_date('24/08/1847','dd/mm/yyyy'),'avenida beira rio',4189,'torre','recife','PE');
INSERT INTO Banco (nire,nome,dataFundacao,logradouro,numeroRua,bairro,cidade,estado) VALUES (16,'Banco Central',to_date('01/09/1952','dd/mm/yyyy'),'rua francisco alves',48,'espinheiro','recife','PE');
INSERT INTO Banco (nire,nome,dataFundacao,logradouro,numeroRua,bairro,cidade,estado) VALUES (17,'Banco Bonsucesso',to_date('02/08/1874','dd/mm/yyyy'),'avenida norte',245,'espinheiro','recife','PE');
INSERT INTO Banco (nire,nome,dataFundacao,logradouro,numeroRua,bairro,cidade,estado) VALUES (18,'Caixa Econômica Federal',to_date('03/07/1758','dd/mm/yyyy'),'conselheiro portela',978,'pina','recife','PE');
INSERT INTO Banco (nire,nome,dataFundacao,logradouro,numeroRua,bairro,cidade,estado) VALUES (19,'Banco Cruzeiro do Sul',to_date('04/06/1936','dd/mm/yyyy'),'rua amelia',231,'torre','recife','PE');
INSERT INTO Banco (nire,nome,dataFundacao,logradouro,numeroRua,bairro,cidade,estado) VALUES (20,'Banco de Tokyo',to_date('05/05/1812','dd/mm/yyyy'),'rua da amizade',84,'espinheiro','recife','PE');
INSERT INTO Banco (nire,nome,dataFundacao,logradouro,numeroRua,bairro,cidade,estado) VALUES (21,'Banco Fiat',to_date('06/04/1754','dd/mm/yyyy'),'rua ribeiro roma',546,'cordeiro','recife','PE');
INSERT INTO Banco (nire,nome,dataFundacao,logradouro,numeroRua,bairro,cidade,estado) VALUES (22,'Banco IBI',to_date('07/03/1976','dd/mm/yyyy'),'rua souza bandeira',48,'pina','recife','PE');
INSERT INTO Banco (nire,nome,dataFundacao,logradouro,numeroRua,bairro,cidade,estado) VALUES (23,'Banco IBM',to_date('08/02/1898','dd/mm/yyyy'),'avenida caxangá',46,'torre','recife','PE');
INSERT INTO Banco (nire,nome,dataFundacao,logradouro,numeroRua,bairro,cidade,estado) VALUES (24,'Unibanco',to_date('09/01/2011','dd/mm/yyyy'),'rua gregorio júnior',1563,'espinheiro','recife','PE');
INSERT INTO Banco (nire,nome,dataFundacao,logradouro,numeroRua,bairro,cidade,estado) VALUES (25,'Unicard',to_date('23/05/1862','dd/mm/yyyy'),'rua gomes taborda',48,'cordeiro','recife','PE');
INSERT INTO Banco (nire,nome,dataFundacao,logradouro,numeroRua,bairro,cidade,estado) VALUES (26,'HSBC',to_date('23/03/1999','dd/mm/yyyy'),'estrada do encanamento',564,'pina','recife','PE');
INSERT INTO Banco (nire,nome,dataFundacao,logradouro,numeroRua,bairro,cidade,estado) VALUES (27,'Bulbasaur Ginko',to_date('12/05/1988','dd/mm/yyyy'),'rua eduardo monitor',496,'torre','recife','PE');
INSERT INTO Banco (nire,nome,dataFundacao,logradouro,numeroRua,bairro,cidade,estado) VALUES (1234,'Venomat Ginko',to_date('12/05/1986','dd/mm/yyyy'),'rua atrasadinho',466,'tamarineira','recife','PE');


--Agencia feliz
--numero,cpfGerente,nire,logradouro,numeroRua,bairro,cidade,estado
-- OK!

INSERT INTO Agencia (numero,cpfGerente,nire,logradouro,numeroRua,bairro,cidade,estado) VALUES (01,null,01,'rua josé trigueiro',421,'espinheiro','recife','PE');
INSERT INTO Agencia (numero,cpfGerente,nire,logradouro,numeroRua,bairro,cidade,estado) VALUES (02,null,02,'rua cordislândia',4897,'pina','recife','PE');
INSERT INTO Agencia (numero,cpfGerente,nire,logradouro,numeroRua,bairro,cidade,estado) VALUES (03,null,03,'rua lagoa vermelha',45,'cordeiro','recife','PE');
INSERT INTO Agencia (numero,cpfGerente,nire,logradouro,numeroRua,bairro,cidade,estado) VALUES (04,null,04,'rua professor bandeira',3612,'cordeiro','recife','PE');
INSERT INTO Agencia (numero,cpfGerente,nire,logradouro,numeroRua,bairro,cidade,estado) VALUES (05,null,05,'avenida mário álvares pereira de lira',21,'torre','recife','PE');
INSERT INTO Agencia (numero,cpfGerente,nire,logradouro,numeroRua,bairro,cidade,estado) VALUES (06,null,06,'rua rio teipió',48,'pina','recife','PE');
INSERT INTO Agencia (numero,cpfGerente,nire,logradouro,numeroRua,bairro,cidade,estado) VALUES (07,null,07,'rua natal',156,'espinheiro','recife','PE');
INSERT INTO Agencia (numero,cpfGerente,nire,logradouro,numeroRua,bairro,cidade,estado) VALUES (08,null,08,'rua da olaria',4589,'cordeiro','recife','PE');
INSERT INTO Agencia (numero,cpfGerente,nire,logradouro,numeroRua,bairro,cidade,estado) VALUES (09,null,09,'rua brasileira',8754,'torre','recife','PE');
INSERT INTO Agencia (numero,cpfGerente,nire,logradouro,numeroRua,bairro,cidade,estado) VALUES (10,null,10,'rua canal',12,'pina','recife','PE');
INSERT INTO Agencia (numero,cpfGerente,nire,logradouro,numeroRua,bairro,cidade,estado) VALUES (11,null,11,'avenida apipucos',489,'espinheiro','recife','PE');
INSERT INTO Agencia (numero,cpfGerente,nire,logradouro,numeroRua,bairro,cidade,estado) VALUES (12,null,12,'rua monsenhor fabricio',165,'derby','recife','PE');
INSERT INTO Agencia (numero,cpfGerente,nire,logradouro,numeroRua,bairro,cidade,estado) VALUES (13,null,13,'rua do bom pastor',789,'torre','recife','PE');
INSERT INTO Agencia (numero,cpfGerente,nire,logradouro,numeroRua,bairro,cidade,estado) VALUES (14,null,14,'rua antonio curado',4189,'pina','recife','PE');
INSERT INTO Agencia (numero,cpfGerente,nire,logradouro,numeroRua,bairro,cidade,estado) VALUES (15,null,15,'rua nova descoberta',156,'espinheiro','recife','PE');
INSERT INTO Agencia (numero,cpfGerente,nire,logradouro,numeroRua,bairro,cidade,estado) VALUES (16,null,16,'rua vasco da gama',84,'derby','recife','PE');
INSERT INTO Agencia (numero,cpfGerente,nire,logradouro,numeroRua,bairro,cidade,estado) VALUES (17,null,17,'rua cônego barata',98,'torre','recife','PE');
INSERT INTO Agencia (numero,cpfGerente,nire,logradouro,numeroRua,bairro,cidade,estado) VALUES (18,null,18,'avenida agamenon magalhaes',1545,'pina','recife','PE');
INSERT INTO Agencia (numero,cpfGerente,nire,logradouro,numeroRua,bairro,cidade,estado) VALUES (19,null,19,'rua francisco alves',456,'espinheiro','recife','PE');
INSERT INTO Agencia (numero,cpfGerente,nire,logradouro,numeroRua,bairro,cidade,estado) VALUES (20,null,20,'rua abestalhada',478,'beberibe','recife','PE');
INSERT INTO Agencia (numero,cpfGerente,nire,logradouro,numeroRua,bairro,cidade,estado) VALUES (21,null,21,'rua francisco alves',12,'torre','recife','PE');
INSERT INTO Agencia (numero,cpfGerente,nire,logradouro,numeroRua,bairro,cidade,estado) VALUES (22,null,22,'rua timida',456,'pina','recife','PE');
INSERT INTO Agencia (numero,cpfGerente,nire,logradouro,numeroRua,bairro,cidade,estado) VALUES (23,null,23,'rua souza bandeira',987,'espinheiro','recife','PE');
INSERT INTO Agencia (numero,cpfGerente,nire,logradouro,numeroRua,bairro,cidade,estado) VALUES (24,null,24,'rua eduardo monitor',32,'bairro feliz','recife','PE');
INSERT INTO Agencia (numero,cpfGerente,nire,logradouro,numeroRua,bairro,cidade,estado) VALUES (25,null,25,'avenida rosa e silva',78,'torre','recife','PE');
INSERT INTO Agencia (numero,cpfGerente,nire,logradouro,numeroRua,bairro,cidade,estado) VALUES (26,null,26,'avenida caxangá',126,'pina','recife','PE');
INSERT INTO Agencia (numero,cpfGerente,nire,logradouro,numeroRua,bairro,cidade,estado) VALUES (27,null,27,'avenida engenheiro abdias de carvalho',894,'derby','recife','PE');
INSERT INTO Agencia (numero,cpfGerente,nire,logradouro,numeroRua,bairro,cidade,estado) VALUES (28,null,01,'conselheiro portela',8456,'espinheiro','recife','PE');
INSERT INTO Agencia (numero,cpfGerente,nire,logradouro,numeroRua,bairro,cidade,estado) VALUES (29,null,01,'rua gregorio júnior',54,'torre','recife','PE');
INSERT INTO Agencia (numero,cpfGerente,nire,logradouro,numeroRua,bairro,cidade,estado) VALUES (30,null,02,'rua gomes taborda',564,'pina','recife','PE');
INSERT INTO Agencia (numero,cpfGerente,nire,logradouro,numeroRua,bairro,cidade,estado) VALUES (31,null,02,'estrada do encanamento',87,'parnamirim','recife','PE');
INSERT INTO Agencia (numero,cpfGerente,nire,logradouro,numeroRua,bairro,cidade,estado) VALUES (32,null,02,'rua da tristeza',23,'espinheiro','recife','PE');
INSERT INTO Agencia (numero,cpfGerente,nire,logradouro,numeroRua,bairro,cidade,estado) VALUES (33,null,02,'rua supiá',56,'torre','recife','PE');
INSERT INTO Agencia (numero,cpfGerente,nire,logradouro,numeroRua,bairro,cidade,estado) VALUES (34,null,03,'rua betinha',147,'pina','recife','PE');
INSERT INTO Agencia (numero,cpfGerente,nire,logradouro,numeroRua,bairro,cidade,estado) VALUES (35,null,04,'avenida chagas ferreira',63,'espinheiro','recife','PE');
INSERT INTO Agencia (numero,cpfGerente,nire,logradouro,numeroRua,bairro,cidade,estado) VALUES (36,null,05,'rua córrego da areia',89,'derby','recife','PE');
INSERT INTO Agencia (numero,cpfGerente,nire,logradouro,numeroRua,bairro,cidade,estado) VALUES (37,null,06,'rua alto do eucalipto',23,'torre','recife','PE');
INSERT INTO Agencia (numero,cpfGerente,nire,logradouro,numeroRua,bairro,cidade,estado) VALUES (38,null,06,'rua silveira lobo',855,'pina','recife','PE');
INSERT INTO Agencia (numero,cpfGerente,nire,logradouro,numeroRua,bairro,cidade,estado) VALUES (39,null,08,'rua santa izabel',4865,'torre','recife','PE');
INSERT INTO Agencia (numero,cpfGerente,nire,logradouro,numeroRua,bairro,cidade,estado) VALUES (40,null,08,'rua pedro politreal',123,'torre','recife','PE');
INSERT INTO Agencia (numero,cpfGerente,nire,logradouro,numeroRua,bairro,cidade,estado) VALUES (41,null,1234,'rua pedro cabral',568,'torre','recife','PE');
INSERT INTO Agencia (numero,cpfGerente,nire,logradouro,numeroRua,bairro,cidade,estado) VALUES (42,null,1234,'rua pedro pompeiro',1443,'tamarandu','recife','PE');
INSERT INTO Agencia (numero,cpfGerente,nire,logradouro,numeroRua,bairro,cidade,estado) VALUES (43,null,1234,'rua pedro abobrinha',1243,'camaragibe','recife','PE');
INSERT INTO Agencia (numero,cpfGerente,nire,logradouro,numeroRua,bairro,cidade,estado) VALUES (232,null,1234,'rua pedro aboboca',1253,'camaragibe','recife','PE');


-- UPDATEs depois


--Funcionario feliz
--cpf,dataInicio,nome,salario,cpfSupervisor,numeroAgencia,nire
-- OK!

INSERT INTO Funcionario (cpf,dataInicio,nome,salario,cpfSupervisor,numeroAgencia,nire) VALUES (00000000001,to_date('01/01/1991','dd/mm/yyyy'),'Adelino Gomes de Freitas',1500,null,01,01);
INSERT INTO Funcionario (cpf,dataInicio,nome,salario,cpfSupervisor,numeroAgencia,nire) VALUES (00000000002,to_date('01/01/1991','dd/mm/yyyy'),'Luciana Bichuette',2000,00000000001,01,01);
INSERT INTO Funcionario (cpf,dataInicio,nome,salario,cpfSupervisor,numeroAgencia,nire) VALUES (00000000003,to_date('01/01/1991','dd/mm/yyyy'),'Jessica Trindade',2500,00000000001,01,01);
INSERT INTO Funcionario (cpf,dataInicio,nome,salario,cpfSupervisor,numeroAgencia,nire) VALUES (00000000004,to_date('24/06/2011','dd/mm/yyyy'),'Tatiane do Pardo',4000,00000000001,01,1);
INSERT INTO Funcionario (cpf,dataInicio,nome,salario,cpfSupervisor,numeroAgencia,nire) VALUES (00000000005,to_date('24/06/2011','dd/mm/yyyy'),'Amado Ferreira Lino',3000,00000000001,1,1);
INSERT INTO Funcionario (cpf,dataInicio,nome,salario,cpfSupervisor,numeroAgencia,nire) VALUES (00000000006,to_date('24/06/2011','dd/mm/yyyy'),'Imbelbe Ferreira Lino',2000,null,02,02);
INSERT INTO Funcionario (cpf,dataInicio,nome,salario,cpfSupervisor,numeroAgencia,nire) VALUES (00000000007,to_date('25/03/1995','dd/mm/yyyy'),'Alaílson Ferreira de Carvalho',1000,null,03,03);
INSERT INTO Funcionario (cpf,dataInicio,nome,salario,cpfSupervisor,numeroAgencia,nire) VALUES (00000000008,to_date('25/03/1995','dd/mm/yyyy'),'Mateus Arantes',4000,00000000007,03,03);
INSERT INTO Funcionario (cpf,dataInicio,nome,salario,cpfSupervisor,numeroAgencia,nire) VALUES (00000000009,to_date('26/10/2007','dd/mm/yyyy'),'Alaíde Ferreira de Carvalho',3000,null,04,04);
INSERT INTO Funcionario (cpf,dataInicio,nome,salario,cpfSupervisor,numeroAgencia,nire) VALUES (00000000010,to_date('26/10/2007','dd/mm/yyyy'),'Cecilia Machado',2000,00000000009,04,04);
INSERT INTO Funcionario (cpf,dataInicio,nome,salario,cpfSupervisor,numeroAgencia,nire) VALUES (00000000011,to_date('26/10/2007','dd/mm/yyyy'),'Cezar Ferreira',1000,00000000009,04,04);
INSERT INTO Funcionario (cpf,dataInicio,nome,salario,cpfSupervisor,numeroAgencia,nire) VALUES (00000000012,to_date('14/12/2009','dd/mm/yyyy'),'Almerindo Nolasco das Neves',4000,null,05,05);
INSERT INTO Funcionario (cpf,dataInicio,nome,salario,cpfSupervisor,numeroAgencia,nire) VALUES (00000000013,to_date('14/12/2009','dd/mm/yyyy'),'Paola Marinho',3000,00000000012,05,05);
INSERT INTO Funcionario (cpf,dataInicio,nome,salario,cpfSupervisor,numeroAgencia,nire) VALUES (00000000014,to_date('16/03/2001','dd/mm/yyyy'),'Antônio Carlos Osório Filho',2000,null,06,06);
INSERT INTO Funcionario (cpf,dataInicio,nome,salario,cpfSupervisor,numeroAgencia,nire) VALUES (00000000015,to_date('16/03/2001','dd/mm/yyyy'),'Pablo Rocha',1000,00000000014,06,06);
INSERT INTO Funcionario (cpf,dataInicio,nome,salario,cpfSupervisor,numeroAgencia,nire) VALUES (00000000016,to_date('16/03/1974','dd/mm/yyyy'),'Giuliane Miranda',4000,00000000014,06,06);
INSERT INTO Funcionario (cpf,dataInicio,nome,salario,cpfSupervisor,numeroAgencia,nire) VALUES (00000000017,to_date('16/03/1970','dd/mm/yyyy'),'Fernando de Melo',3000,00000000014,06,06);
INSERT INTO Funcionario (cpf,dataInicio,nome,salario,cpfSupervisor,numeroAgencia,nire) VALUES (00000000018,to_date('29/09/1978','dd/mm/yyyy'),'Antônio Evaldo de Macedo',2000,null,07,07);
INSERT INTO Funcionario (cpf,dataInicio,nome,salario,cpfSupervisor,numeroAgencia,nire) VALUES (00000000019,to_date('29/09/1975','dd/mm/yyyy'),'Lais de Melo',10000,00000000018,07,07);
INSERT INTO Funcionario (cpf,dataInicio,nome,salario,cpfSupervisor,numeroAgencia,nire) VALUES (00000000021,to_date('08/04/1996','dd/mm/yyyy'),'Ariovaldo Vignoto Peres',6000,null,08,08);
INSERT INTO Funcionario (cpf,dataInicio,nome,salario,cpfSupervisor,numeroAgencia,nire) VALUES (00000000022,to_date('08/04/1996','dd/mm/yyyy'),'Luiza Paladino',1500,00000000021,08,08);
INSERT INTO Funcionario (cpf,dataInicio,nome,salario,cpfSupervisor,numeroAgencia,nire) VALUES (00000000023,to_date('28/08/2011','dd/mm/yyyy'),'Ana Lucia Rodriguez',1000,null,09,09);
INSERT INTO Funcionario (cpf,dataInicio,nome,salario,cpfSupervisor,numeroAgencia,nire) VALUES (00000000024,to_date('28/08/2011','dd/mm/yyyy'),'Juliana Mendes Junqueira',4500,00000000023,09,09);
INSERT INTO Funcionario (cpf,dataInicio,nome,salario,cpfSupervisor,numeroAgencia,nire) VALUES (00000000025,to_date('11/12/2008','dd/mm/yyyy'),'Carlos Gualberto de Sales',4000,null,10,10);
INSERT INTO Funcionario (cpf,dataInicio,nome,salario,cpfSupervisor,numeroAgencia,nire) VALUES (00000000026,to_date('30/07/1993','dd/mm/yyyy'),'Diego Moura Macedo',3500,null,11,11);
INSERT INTO Funcionario (cpf,dataInicio,nome,salario,cpfSupervisor,numeroAgencia,nire) VALUES (00000000027,to_date('30/05/1995','dd/mm/yyyy'),'Ana Maria de Freitas',3000,null,12,12);
INSERT INTO Funcionario (cpf,dataInicio,nome,salario,cpfSupervisor,numeroAgencia,nire) VALUES (00000000028,to_date('06/04/1996','dd/mm/yyyy'),'Eliane Balestreri Oliveira',2500,null,13,13);
INSERT INTO Funcionario (cpf,dataInicio,nome,salario,cpfSupervisor,numeroAgencia,nire) VALUES (00000000029,to_date('06/03/1997','dd/mm/yyyy'),'Ana Paula Rodriguez',2000,null,14,14);
INSERT INTO Funcionario (cpf,dataInicio,nome,salario,cpfSupervisor,numeroAgencia,nire) VALUES (00000000030,to_date('05/02/2011','dd/mm/yyyy'),'Enivaldo Canêdo',1500,null,15,15);
INSERT INTO Funcionario (cpf,dataInicio,nome,salario,cpfSupervisor,numeroAgencia,nire) VALUES (00000000031,to_date('05/01/2010','dd/mm/yyyy'),'Ana Pereira de Souza',1000,null,16,16);
INSERT INTO Funcionario (cpf,dataInicio,nome,salario,cpfSupervisor,numeroAgencia,nire) VALUES (00000000032,to_date('07/03/2008','dd/mm/yyyy'),'Fernando César Zanotelli',4500,null,17,17);
INSERT INTO Funcionario (cpf,dataInicio,nome,salario,cpfSupervisor,numeroAgencia,nire) VALUES (00000000033,to_date('07/06/1999','dd/mm/yyyy'),'Ana Queiroz Ferreira Barbosa',4000,null,18,18);
INSERT INTO Funcionario (cpf,dataInicio,nome,salario,cpfSupervisor,numeroAgencia,nire) VALUES (00000000034,to_date('17/09/1990','dd/mm/yyyy'),'Flávio Orlando Carvalho Mattos',3500,null,19,19);
INSERT INTO Funcionario (cpf,dataInicio,nome,salario,cpfSupervisor,numeroAgencia,nire) VALUES (00000000035,to_date('17/02/1991','dd/mm/yyyy'),'Gilson Mueller Berneck',3000,null,20,20);
INSERT INTO Funcionario (cpf,dataInicio,nome,salario,cpfSupervisor,numeroAgencia,nire) VALUES (00000000036,to_date('27/05/2010','dd/mm/yyyy'),'Herlon Pedro Pinto Ribeiro',2500,null,21,21);
INSERT INTO Funcionario (cpf,dataInicio,nome,salario,cpfSupervisor,numeroAgencia,nire) VALUES (00000000037,to_date('27/08/1991','dd/mm/yyyy'),'Humberto Eustáquio de Queiroz',2000,null,22,22);
INSERT INTO Funcionario (cpf,dataInicio,nome,salario,cpfSupervisor,numeroAgencia,nire) VALUES (00000000038,to_date('29/11/1992','dd/mm/yyyy'),'João Antônio de Farias',1500,null,23,23);
INSERT INTO Funcionario (cpf,dataInicio,nome,salario,cpfSupervisor,numeroAgencia,nire) VALUES (00000000039,to_date('24/12/2003','dd/mm/yyyy'),'João Emídio Vaz',1000,null,24,24);
INSERT INTO Funcionario (cpf,dataInicio,nome,salario,cpfSupervisor,numeroAgencia,nire) VALUES (00000000040,to_date('23/01/1994','dd/mm/yyyy'),'João Feitosa de Macedo',4000,null,25,25);
INSERT INTO Funcionario (cpf,dataInicio,nome,salario,cpfSupervisor,numeroAgencia,nire) VALUES (00000000041,to_date('10/04/1995','dd/mm/yyyy'),'José Carlos Batista da Silva',3500,null,26,26);
INSERT INTO Funcionario (cpf,dataInicio,nome,salario,cpfSupervisor,numeroAgencia,nire) VALUES (00000000042,to_date('10/07/1996','dd/mm/yyyy'),'José Escórcio de Cerqueira',3000,null,27,27);
INSERT INTO Funcionario (cpf,dataInicio,nome,salario,cpfSupervisor,numeroAgencia,nire) VALUES (00000000043,to_date('20/03/2017','dd/mm/yyyy'),'Luiz Caetano da Silva',2500,null,28,01);
INSERT INTO Funcionario (cpf,dataInicio,nome,salario,cpfSupervisor,numeroAgencia,nire) VALUES (00000000044,to_date('20/11/1998','dd/mm/yyyy'),'Mayto Baptista de Rezende',2000,null,29,01);
INSERT INTO Funcionario (cpf,dataInicio,nome,salario,cpfSupervisor,numeroAgencia,nire) VALUES (00000000045,to_date('10/02/1999','dd/mm/yyyy'),'Miguel Gomes Filho',1500,null,30,02);
INSERT INTO Funcionario (cpf,dataInicio,nome,salario,cpfSupervisor,numeroAgencia,nire) VALUES (00000000046,to_date('20/01/2010','dd/mm/yyyy'),'Nei Amâncio da Costa',1000,null,31,02);
INSERT INTO Funcionario (cpf,dataInicio,nome,salario,cpfSupervisor,numeroAgencia,nire) VALUES (00000000047,to_date('21/11/1991','dd/mm/yyyy'),'Nelson Donadel',4000,null,32,02);
INSERT INTO Funcionario (cpf,dataInicio,nome,salario,cpfSupervisor,numeroAgencia,nire) VALUES (00000000048,to_date('07/06/1992','dd/mm/yyyy'),'Nivaldo Barbosa de Brito',3500,null,33,02);
INSERT INTO Funcionario (cpf,dataInicio,nome,salario,cpfSupervisor,numeroAgencia,nire) VALUES (00000000049,to_date('23/05/2003','dd/mm/yyyy'),'Paulo Rogério Sumaia',3000,null,34,03);
INSERT INTO Funcionario (cpf,dataInicio,nome,salario,cpfSupervisor,numeroAgencia,nire) VALUES (00000000050,to_date('22/04/2010','dd/mm/yyyy'),'Roberto Barbosa de Souza',2500,null,35,04);
INSERT INTO Funcionario (cpf,dataInicio,nome,salario,cpfSupervisor,numeroAgencia,nire) VALUES (00000000051,to_date('05/09/1994','dd/mm/yyyy'),'Ronaldo Jesus Pereira',2000,null,36,05);
INSERT INTO Funcionario (cpf,dataInicio,nome,salario,cpfSupervisor,numeroAgencia,nire) VALUES (00000000052,to_date('04/08/1995','dd/mm/yyyy'),'Valdemar Rodrigues',1500,null,37,06);
INSERT INTO Funcionario (cpf,dataInicio,nome,salario,cpfSupervisor,numeroAgencia,nire) VALUES (00000000053,to_date('03/07/2011','dd/mm/yyyy'),'Vicente Nicolodi',1000,null,38,06);
INSERT INTO Funcionario (cpf,dataInicio,nome,salario,cpfSupervisor,numeroAgencia,nire) VALUES (00000000054,to_date('09/01/1996','dd/mm/yyyy'),'Walter Lúcio Klebis',5000,null,39,08);
INSERT INTO Funcionario (cpf,dataInicio,nome,salario,cpfSupervisor,numeroAgencia,nire) VALUES (00000000055,to_date('10/08/2007','dd/mm/yyyy'),'Weslei Lafaiette Guimarães',4500,null,40,08);
INSERT INTO Funcionario (cpf,dataInicio,nome,salario,cpfSupervisor,numeroAgencia,nire) VALUES (00000000056,to_date('10/08/2004','dd/mm/yyyy'),'Gabriela Andrade',4000,null,41,1234);
INSERT INTO Funcionario (cpf,dataInicio,nome,salario,cpfSupervisor,numeroAgencia,nire) VALUES (00000000057,to_date('10/08/2002','dd/mm/yyyy'),'Bruno Magalhaes',3500,null,42,1234);
INSERT INTO Funcionario (cpf,dataInicio,nome,salario,cpfSupervisor,numeroAgencia,nire) VALUES (00000000058,to_date('10/08/2001','dd/mm/yyyy'),'Aida Ferreira',3000,null,43,1234);
INSERT INTO Funcionario (cpf,dataInicio,nome,salario,cpfSupervisor,numeroAgencia,nire) VALUES (00000000059,to_date('10/08/2000','dd/mm/yyyy'),'Walber Nunes',4000,null,232,1234);
INSERT INTO Funcionario (cpf,dataInicio,nome,salario,cpfSupervisor,numeroAgencia,nire) VALUES (00000000060,to_date('10/08/2010','dd/mm/yyyy'),'Joao Alberto',1500,null,232,1234);
INSERT INTO Funcionario (cpf,dataInicio,nome,salario,cpfSupervisor,numeroAgencia,nire) VALUES (00000000061,to_date('10/08/2005','dd/mm/yyyy'),'Andreza Massa',2000,null,232,1234);

-- gerentes... OK!
UPDATE Agencia SET cpfGerente = 00000000001 WHERE numero = 01;
UPDATE Agencia SET cpfGerente = 00000000006 WHERE numero = 02;
UPDATE Agencia SET cpfGerente = 00000000007 WHERE numero = 03;
UPDATE Agencia SET cpfGerente = 00000000009 WHERE numero = 04;
UPDATE Agencia SET cpfGerente = 00000000012 WHERE numero = 05;
UPDATE Agencia SET cpfGerente = 00000000014 WHERE numero = 06;
UPDATE Agencia SET cpfGerente = 00000000018 WHERE numero = 07;
UPDATE Agencia SET cpfGerente = 00000000021 WHERE numero = 08;
UPDATE Agencia SET cpfGerente = 00000000023 WHERE numero = 09;
UPDATE Agencia SET cpfGerente = 00000000024 WHERE numero = 10;
UPDATE Agencia SET cpfGerente = 00000000025 WHERE numero = 11;
UPDATE Agencia SET cpfGerente = 00000000026 WHERE numero = 12;
UPDATE Agencia SET cpfGerente = 00000000028 WHERE numero = 13;
UPDATE Agencia SET cpfGerente = 00000000029 WHERE numero = 14;
UPDATE Agencia SET cpfGerente = 00000000030 WHERE numero = 15;
UPDATE Agencia SET cpfGerente = 00000000031 WHERE numero = 16;
UPDATE Agencia SET cpfGerente = 00000000032 WHERE numero = 17;
UPDATE Agencia SET cpfGerente = 00000000033 WHERE numero = 18;
UPDATE Agencia SET cpfGerente = 00000000034 WHERE numero = 19;
UPDATE Agencia SET cpfGerente = 00000000035 WHERE numero = 20;
UPDATE Agencia SET cpfGerente = 00000000036 WHERE numero = 21;
UPDATE Agencia SET cpfGerente = 00000000037 WHERE numero = 22;
UPDATE Agencia SET cpfGerente = 00000000038 WHERE numero = 23;
UPDATE Agencia SET cpfGerente = 00000000039 WHERE numero = 24;
UPDATE Agencia SET cpfGerente = 00000000040 WHERE numero = 25;
UPDATE Agencia SET cpfGerente = 00000000041 WHERE numero = 26;
UPDATE Agencia SET cpfGerente = 00000000042 WHERE numero = 27;
UPDATE Agencia SET cpfGerente = 00000000043 WHERE numero = 28;
UPDATE Agencia SET cpfGerente = 00000000044 WHERE numero = 29;
UPDATE Agencia SET cpfGerente = 00000000045 WHERE numero = 30;
UPDATE Agencia SET cpfGerente = 00000000046 WHERE numero = 31;
UPDATE Agencia SET cpfGerente = 00000000047 WHERE numero = 32;
UPDATE Agencia SET cpfGerente = 00000000048 WHERE numero = 33;
UPDATE Agencia SET cpfGerente = 00000000049 WHERE numero = 34;
UPDATE Agencia SET cpfGerente = 00000000050 WHERE numero = 35;
UPDATE Agencia SET cpfGerente = 00000000051 WHERE numero = 36;
UPDATE Agencia SET cpfGerente = 00000000052 WHERE numero = 37;
UPDATE Agencia SET cpfGerente = 00000000053 WHERE numero = 38;
UPDATE Agencia SET cpfGerente = 00000000054 WHERE numero = 39;
UPDATE Agencia SET cpfGerente = 00000000055 WHERE numero = 40;
UPDATE Agencia SET cpfGerente = 00000000056 WHERE numero = 41;
UPDATE Agencia SET cpfGerente = 00000000057 WHERE numero = 42;
UPDATE Agencia SET cpfGerente = 00000000058 WHERE numero = 43;
UPDATE Agencia SET cpfGerente = 00000000059 WHERE numero = 232;


--Cliente JA ERA feliz
--id,nome,data_nascimento,logradouro,numero,bairro,cidade,estado
-- OK!

INSERT INTO Cliente (id,nome,dataNascimento,logradouro,numeroRua,bairro,cidade,estado) VALUES (01,'Adriano Sales Neto',to_date('01/01/1990','dd/mm/yyyy'),'rua francisco cortez',75,'cidade universitária','recife','PE');
INSERT INTO Cliente (id,nome,dataNascimento,logradouro,numeroRua,bairro,cidade,estado) VALUES (02,'ANA Catarina Andrade',to_date('06/06/1996','dd/mm/yyyy'),'rua paes cabral',40,'cordeiro','recife','PE');
INSERT INTO Cliente (id,nome,dataNascimento,logradouro,numeroRua,bairro,cidade,estado) VALUES (03,'Afonso Azevedo Ramos',to_date('03/03/1993','dd/mm/yyyy'),'rua vinte e um de abril',07,'cordeiro','recife','PE');
INSERT INTO Cliente (id,nome,dataNascimento,logradouro,numeroRua,bairro,cidade,estado) VALUES (04,'Alfredo Henrique Santos',to_date('05/05/1995','dd/mm/yyyy'),'rua galvão raposo',30,'cordeiro','recife','PE');
INSERT INTO Cliente (id,nome,dataNascimento,logradouro,numeroRua,bairro,cidade,estado) VALUES (05,'Amanda Prado Nascimento',to_date('05/01/1955','dd/mm/yyyy'),'rua macaé',92,'cordeiro','recife','PE');
INSERT INTO Cliente (id,nome,dataNascimento,logradouro,numeroRua,bairro,cidade,estado) VALUES (06,'Angelica Munis da Silva',to_date('15/05/1961','dd/mm/yyyy'),'rua potyra',67,'derby','recife','PE');
INSERT INTO Cliente (id,nome,dataNascimento,logradouro,numeroRua,bairro,cidade,estado) VALUES (07,'Artur Dubeux Duarte',to_date('07/09/1953','dd/mm/yyyy'),'avenida santos dummont',572,'cidade universitária','recife','PE');
INSERT INTO Cliente (id,nome,dataNascimento,logradouro,numeroRua,bairro,cidade,estado) VALUES (08,'Barbara Ferreira Neto',to_date('05/06/1956','dd/mm/yyyy'),'rua amélia',682,'derby','recife','PE');
INSERT INTO Cliente (id,nome,dataNascimento,logradouro,numeroRua,bairro,cidade,estado) VALUES (09,'Beatriz Motta Nacimento',to_date('07/08/1996','dd/mm/yyyy'),'rua araruna',20,'derby','recife','PE');
INSERT INTO Cliente (id,nome,dataNascimento,logradouro,numeroRua,bairro,cidade,estado) VALUES (10,'Breno Dantas Vieira',to_date('23/05/1962','dd/mm/yyyy'),'rua josé de helena',15,'derby','recife','PE');
INSERT INTO Cliente (id,nome,dataNascimento,logradouro,numeroRua,bairro,cidade,estado) VALUES (11,'Bruno Duarte da Silva',to_date('24/04/1990','dd/mm/yyyy'),'rua dom joão moura',784,'torrões','recife','PE');
INSERT INTO Cliente (id,nome,dataNascimento,logradouro,numeroRua,bairro,cidade,estado) VALUES (12,'Camila Barbosa Marinho',to_date('23/03/1955','dd/mm/yyyy'),'rua búzios',65,'torrões','recife','PE');
INSERT INTO Cliente (id,nome,dataNascimento,logradouro,numeroRua,bairro,cidade,estado) VALUES (13,'Carlos Pimentel de Medeiros',to_date('23/05/1987','dd/mm/yyyy'),'rua itaú',93,'torrões','recife','PE');
INSERT INTO Cliente (id,nome,dataNascimento,logradouro,numeroRua,bairro,cidade,estado) VALUES (14,'Daniel Elis Miranda',to_date('15/08/1975','dd/mm/yyyy'),'rua puxinuna',27,'cidade universitária','recife','PE');
INSERT INTO Cliente (id,nome,dataNascimento,logradouro,numeroRua,bairro,cidade,estado) VALUES (15,'Diego Malta de Melo',to_date('14/12/1973','dd/mm/yyyy'),'rua ataíde filho',57,'torrões','recife','PE');
INSERT INTO Cliente (id,nome,dataNascimento,logradouro,numeroRua,bairro,cidade,estado) VALUES (16,'Diogo Fiquereido de Souza',to_date('18/11/1979','dd/mm/yyyy'),'rua ricardo salazar',75,'casa amarela','recife','PE');
INSERT INTO Cliente (id,nome,dataNascimento,logradouro,numeroRua,bairro,cidade,estado) VALUES (17,'Eduarda Calheiros',to_date('13/12/1963','dd/mm/yyyy'),'rua odete monteiro',23,'casa amarela','recife','PE');
INSERT INTO Cliente (id,nome,dataNascimento,logradouro,numeroRua,bairro,cidade,estado) VALUES (18,'Everton de Oliveira',to_date('30/05/1984','dd/mm/yyyy'),'rua da soledade',92,'soledade','recife','PE');
INSERT INTO Cliente (id,nome,dataNascimento,logradouro,numeroRua,bairro,cidade,estado) VALUES (19,'Fernanda Carvalho de Alencar',to_date('31/12/1950','dd/mm/yyyy'),'rua joão ramos',92,'cidade universitária','recife','PE');
INSERT INTO Cliente (id,nome,dataNascimento,logradouro,numeroRua,bairro,cidade,estado) VALUES (20,'Gabriel Pinheiro Santos',to_date('26/10/1942','dd/mm/yyyy'),'rua demócrito de souza filho',73,'casa amarela','recife','PE');
INSERT INTO Cliente (id,nome,dataNascimento,logradouro,numeroRua,bairro,cidade,estado) VALUES (21,'Gabriela Andrade de Lima',to_date('31/08/1968','dd/mm/yyyy'),'avenida central',1290,'casa amarela','recife','PE');
INSERT INTO Cliente (id,nome,dataNascimento,logradouro,numeroRua,bairro,cidade,estado) VALUES (22,'Henrique Jose Andrade',to_date('27/11/1982','dd/mm/yyyy'),'rua pistóia',83,'pina','recife','PE');
INSERT INTO Cliente (id,nome,dataNascimento,logradouro,numeroRua,bairro,cidade,estado) VALUES (23,'Irlys Soares de Melo',to_date('12/07/1952','dd/mm/yyyy'),'rua pereira de moraes',20,'pina','recife','PE');
INSERT INTO Cliente (id,nome,dataNascimento,logradouro,numeroRua,bairro,cidade,estado) VALUES (24,'Iury Chagas Figueroa',to_date('30/04/1965','dd/mm/yyyy'),'rua guapé',34,'pina','recife','PE');
INSERT INTO Cliente (id,nome,dataNascimento,logradouro,numeroRua,bairro,cidade,estado) VALUES (25,'Joao Augusto de Sa',to_date('08/08/1958','dd/mm/yyyy'),'rua betânia',82,'pina','recife','PE');
INSERT INTO Cliente (id,nome,dataNascimento,logradouro,numeroRua,bairro,cidade,estado) VALUES (26,'Joao Victor de Moraes',to_date('16/12/1932','dd/mm/yyyy'),'rua josé de alencar',34,'cidade universitária','recife','PE');
INSERT INTO Cliente (id,nome,dataNascimento,logradouro,numeroRua,bairro,cidade,estado) VALUES (27,'Jose Herminio dos Santos',to_date('13/10/1947','dd/mm/yyyy'),'rua josé osório',75,'ilha do retiro','recife','PE');
INSERT INTO Cliente (id,nome,dataNascimento,logradouro,numeroRua,bairro,cidade,estado) VALUES (28,'Lais Carneiro Santos',to_date('07/09/1957','dd/mm/yyyy'),'rua macapá',92,'ilha do retiro','recife','PE');
INSERT INTO Cliente (id,nome,dataNascimento,logradouro,numeroRua,bairro,cidade,estado) VALUES (29,'Leonardo Aguiar do Vale',to_date('21/04/1980','dd/mm/yyyy'),'rua flirmino de barros',563,'ilha do retiro','recife','PE');
INSERT INTO Cliente (id,nome,dataNascimento,logradouro,numeroRua,bairro,cidade,estado) VALUES (30,'Lucas Borges da Silva',to_date('06/07/1998','dd/mm/yyyy'),'rua cassilândia',68,'ilha do retiro','recife','PE');
INSERT INTO Cliente (id,nome,dataNascimento,logradouro,numeroRua,bairro,cidade,estado) VALUES (31,'Luisa Andrade de Silva',to_date('01/02/1993','dd/mm/yyyy'),'rua jacaúna',65,'ilha do retiro','recife','PE');
INSERT INTO Cliente (id,nome,dataNascimento,logradouro,numeroRua,bairro,cidade,estado) VALUES (32,'Luiz de Lima Souza',to_date('04/05/1996','dd/mm/yyyy'),'rua amália',23,'cidade universitária','recife','PE');
INSERT INTO Cliente (id,nome,dataNascimento,logradouro,numeroRua,bairro,cidade,estado) VALUES (33,'Manuela Mariz Loco',to_date('07/08/1999','dd/mm/yyyy'),'rua manoel de andrade',34,'ilha do retiro','recife','PE');
INSERT INTO Cliente (id,nome,dataNascimento,logradouro,numeroRua,bairro,cidade,estado) VALUES (34,'Maria Amorim de Almeida',to_date('02/05/1988','dd/mm/yyyy'),'rua costa sepulveda',1578,'ilha do retiro','recife','PE');
INSERT INTO Cliente (id,nome,dataNascimento,logradouro,numeroRua,bairro,cidade,estado) VALUES (35,'Marilia Rocha Costa',to_date('01/04/1987','dd/mm/yyyy'),'rua pororoca',92,'encruzilhada','recife','PE');
INSERT INTO Cliente (id,nome,dataNascimento,logradouro,numeroRua,bairro,cidade,estado) VALUES (36,'Marina Leal Tine',to_date('03/06/1989','dd/mm/yyyy'),'rua hemetério maciel',67,'cidade universitária','recife','PE');
INSERT INTO Cliente (id,nome,dataNascimento,logradouro,numeroRua,bairro,cidade,estado) VALUES (37,'Mayara Teris Tavares',to_date('07/05/1973','dd/mm/yyyy'),'rua orós',64,'encruzilhada','recife','PE');
INSERT INTO Cliente (id,nome,dataNascimento,logradouro,numeroRua,bairro,cidade,estado) VALUES (38,'Natalia Duarte Silvz',to_date('04/02/1979','dd/mm/yyyy'),'rua anthero mota',63,'encruzilhada','recife','PE');
INSERT INTO Cliente (id,nome,dataNascimento,logradouro,numeroRua,bairro,cidade,estado) VALUES (39,'Paloma Peter Travassos',to_date('01/08/1976','dd/mm/yyyy'),'rua francisco vital',951,'encruzilhada','recife','PE');
INSERT INTO Cliente (id,nome,dataNascimento,logradouro,numeroRua,bairro,cidade,estado) VALUES (40,'Rafaela Azevedo Aguiar',to_date('03/08/1964','dd/mm/yyyy'),'avenida inácio monteiro',357,'encruzilhada','recife','PE');
INSERT INTO Cliente (id,nome,dataNascimento,logradouro,numeroRua,bairro,cidade,estado) VALUES (41,'Raissa Netto Lins',to_date('06/02/1947','dd/mm/yyyy'),'rua josé aciole',27,'cidade universitária','recife','PE');
INSERT INTO Cliente (id,nome,dataNascimento,logradouro,numeroRua,bairro,cidade,estado) VALUES (42,'Rebecca de Lima Couto',to_date('08/09/1968','dd/mm/yyyy'),'rua quipapa',485,'encruzilhada','recife','PE');
INSERT INTO Cliente (id,nome,dataNascimento,logradouro,numeroRua,bairro,cidade,estado) VALUES (43,'Raissa Brito Silva',to_date('09/09/1979','dd/mm/yyyy'),'rua cordislândia',987,'torre','recife','PE');
INSERT INTO Cliente (id,nome,dataNascimento,logradouro,numeroRua,bairro,cidade,estado) VALUES (44,'Sara Camello Lima',to_date('09/09/1999','dd/mm/yyyy'),'rua do bom pastor',345,'torre','recife','PE');
INSERT INTO Cliente (id,nome,dataNascimento,logradouro,numeroRua,bairro,cidade,estado) VALUES (45,'Taina COsta Norat',to_date('03/03/1993','dd/mm/yyyy'),'rua general vargas',3147,'torre','recife','PE');
INSERT INTO Cliente (id,nome,dataNascimento,logradouro,numeroRua,bairro,cidade,estado) VALUES (46,'Taisa Melo Silva',to_date('06/07/1930','dd/mm/yyyy'),'rua general polidoro',147,'cidade universitária','recife','PE');
INSERT INTO Cliente (id,nome,dataNascimento,logradouro,numeroRua,bairro,cidade,estado) VALUES (47,'Tomas Seixas',to_date('04/05/1966','dd/mm/yyyy'),'avenida joão de barros',147,'torre','recife','PE');
INSERT INTO Cliente (id,nome,dataNascimento,logradouro,numeroRua,bairro,cidade,estado) VALUES (48,'Valter Romao de Souza',to_date('06/09/1969','dd/mm/yyyy'),'rua gervásio pires',789,'torre','recife','PE');
INSERT INTO Cliente (id,nome,dataNascimento,logradouro,numeroRua,bairro,cidade,estado) VALUES (49,'Victor Hugo Arruda',to_date('06/04/1964','dd/mm/yyyy'),'avenida conde da boa vista',456,'torre','recife','PE');
INSERT INTO Cliente (id,nome,dataNascimento,logradouro,numeroRua,bairro,cidade,estado) VALUES (50,'Vladimir Jose Lopes',to_date('05/02/1952','dd/mm/yyyy'),'rua palmares',123,'torre','recife','PE');


--Conta feliz
--numero,numeroAgencia,saldo,nire

INSERT INTO Conta (numero,numeroAgencia,saldo,nire) VALUES (000001,01,46818361.64,01);
INSERT INTO Conta (numero,numeroAgencia,saldo,nire) VALUES (000002,02,54168786.71,02);
INSERT INTO Conta (numero,numeroAgencia,saldo,nire) VALUES (000003,03,0.48,03);
INSERT INTO Conta (numero,numeroAgencia,saldo,nire) VALUES (000004,04,0.17,04);
INSERT INTO Conta (numero,numeroAgencia,saldo,nire) VALUES (000005,05,418914.81,05);
INSERT INTO Conta (numero,numeroAgencia,saldo,nire) VALUES (000006,06,85614.81,06);
INSERT INTO Conta (numero,numeroAgencia,saldo,nire) VALUES (000007,07,4.81,07);
INSERT INTO Conta (numero,numeroAgencia,saldo,nire) VALUES (000008,08,1568.98,08);
INSERT INTO Conta (numero,numeroAgencia,saldo,nire) VALUES (000009,09,4564.89,09);
INSERT INTO Conta (numero,numeroAgencia,saldo,nire) VALUES (000010,10,17.89,10);
INSERT INTO Conta (numero,numeroAgencia,saldo,nire) VALUES (000011,11,71.85,11);
INSERT INTO Conta (numero,numeroAgencia,saldo,nire) VALUES (000012,12,0.71,12);
INSERT INTO Conta (numero,numeroAgencia,saldo,nire) VALUES (000013,13,0.08,13);
INSERT INTO Conta (numero,numeroAgencia,saldo,nire) VALUES (000014,14,4.76,14);
INSERT INTO Conta (numero,numeroAgencia,saldo,nire) VALUES (000015,15,14.98,15);
INSERT INTO Conta (numero,numeroAgencia,saldo,nire) VALUES (000016,16,0.17,16);
INSERT INTO Conta (numero,numeroAgencia,saldo,nire) VALUES (000017,17,15310.15,17);
INSERT INTO Conta (numero,numeroAgencia,saldo,nire) VALUES (000018,18,0.05,18);
INSERT INTO Conta (numero,numeroAgencia,saldo,nire) VALUES (000019,19,15546841.07,19);
INSERT INTO Conta (numero,numeroAgencia,saldo,nire) VALUES (000020,20,12517.02,20);
INSERT INTO Conta (numero,numeroAgencia,saldo,nire) VALUES (000021,21,2234.06,21);
INSERT INTO Conta (numero,numeroAgencia,saldo,nire) VALUES (000022,22,1210.17,22);
INSERT INTO Conta (numero,numeroAgencia,saldo,nire) VALUES (000023,23,30.09,23);
INSERT INTO Conta (numero,numeroAgencia,saldo,nire) VALUES (000024,24,71.02,24);
INSERT INTO Conta (numero,numeroAgencia,saldo,nire) VALUES (000025,25,41.59,25);
INSERT INTO Conta (numero,numeroAgencia,saldo,nire) VALUES (000026,26,17.69,26);
INSERT INTO Conta (numero,numeroAgencia,saldo,nire) VALUES (000027,27,1796.17,27);
INSERT INTO Conta (numero,numeroAgencia,saldo,nire) VALUES (000028,28,98.17,01);
INSERT INTO Conta (numero,numeroAgencia,saldo,nire) VALUES (000029,29,98.17,01);
INSERT INTO Conta (numero,numeroAgencia,saldo,nire) VALUES (000030,30,4.23,02);
INSERT INTO Conta (numero,numeroAgencia,saldo,nire) VALUES (000031,31,1.48,02);
INSERT INTO Conta (numero,numeroAgencia,saldo,nire) VALUES (000032,32,41630.17,02);
INSERT INTO Conta (numero,numeroAgencia,saldo,nire) VALUES (000033,33,81.12,02);
INSERT INTO Conta (numero,numeroAgencia,saldo,nire) VALUES (000034,34,0.48,03);
INSERT INTO Conta (numero,numeroAgencia,saldo,nire) VALUES (000035,35,14.56,04);
INSERT INTO Conta (numero,numeroAgencia,saldo,nire) VALUES (000036,36,17.89,05);
INSERT INTO Conta (numero,numeroAgencia,saldo,nire) VALUES (000037,37,0.23,06);
INSERT INTO Conta (numero,numeroAgencia,saldo,nire) VALUES (000038,38,4890.14,06);
INSERT INTO Conta (numero,numeroAgencia,saldo,nire) VALUES (000039,39,487.98,08);
INSERT INTO Conta (numero,numeroAgencia,saldo,nire) VALUES (000040,40,7.56,08);
INSERT INTO Conta (numero,numeroAgencia,saldo,nire) VALUES (000041,01,17.30,01);
INSERT INTO Conta (numero,numeroAgencia,saldo,nire) VALUES (000042,01,71.20,01);
INSERT INTO Conta (numero,numeroAgencia,saldo,nire) VALUES (000043,02,17489.17,02);
INSERT INTO Conta (numero,numeroAgencia,saldo,nire) VALUES (000044,02,98.14,02);
INSERT INTO Conta (numero,numeroAgencia,saldo,nire) VALUES (000045,03,981498146.14,03);
INSERT INTO Conta (numero,numeroAgencia,saldo,nire) VALUES (000046,03,89.14,03);
INSERT INTO Conta (numero,numeroAgencia,saldo,nire) VALUES (000047,04,98.14,04);
INSERT INTO Conta (numero,numeroAgencia,saldo,nire) VALUES (000048,05,1480.20,05);
INSERT INTO Conta (numero,numeroAgencia,saldo,nire) VALUES (000049,06,4.30,06);
INSERT INTO Conta (numero,numeroAgencia,saldo,nire) VALUES (000050,06,147987149.17,06);
INSERT INTO Conta (numero,numeroAgencia,saldo,nire) VALUES (000051,07,89.17,07);
INSERT INTO Conta (numero,numeroAgencia,saldo,nire) VALUES (000052,07,98.17,07);
INSERT INTO Conta (numero,numeroAgencia,saldo,nire) VALUES (000053,08,4180.89,08);
INSERT INTO Conta (numero,numeroAgencia,saldo,nire) VALUES (000054,09,179871.98,09);
INSERT INTO Conta (numero,numeroAgencia,saldo,nire) VALUES (000055,10,17.91,10);
INSERT INTO Conta (numero,numeroAgencia,saldo,nire) VALUES (000056,10,798179179.97,10);
INSERT INTO Conta (numero,numeroAgencia,saldo,nire) VALUES (000057,10,198.74,10);
INSERT INTO Conta (numero,numeroAgencia,saldo,nire) VALUES (000058,10,9480.85,10);
INSERT INTO Conta (numero,numeroAgencia,saldo,nire) VALUES (000059,10,714560.46,10);
INSERT INTO Conta (numero,numeroAgencia,saldo,nire) VALUES (000060,11,5610.35,11);


--ContaCorrente feliz
--numeroConta, numeroAgencia, nire, limiteChequeEspecial
-- OK!

INSERT INTO ContaCorrente (numeroConta, numeroAgencia, nire, limiteChequeEspecial) VALUES (000001,01,01,100.00);
INSERT INTO ContaCorrente (numeroConta, numeroAgencia, nire, limiteChequeEspecial) VALUES (000041,01,01,200.00);
INSERT INTO ContaCorrente (numeroConta, numeroAgencia, nire, limiteChequeEspecial) VALUES (000002,02,02,300.00);
INSERT INTO ContaCorrente (numeroConta, numeroAgencia, nire, limiteChequeEspecial) VALUES (000043,02,02,400.00);
INSERT INTO ContaCorrente (numeroConta, numeroAgencia, nire, limiteChequeEspecial) VALUES (000003,03,03,500.00);
INSERT INTO ContaCorrente (numeroConta, numeroAgencia, nire, limiteChequeEspecial) VALUES (000045,03,03,600.00);
INSERT INTO ContaCorrente (numeroConta, numeroAgencia, nire, limiteChequeEspecial) VALUES (000004,04,04,700.00);
INSERT INTO ContaCorrente (numeroConta, numeroAgencia, nire, limiteChequeEspecial) VALUES (000005,05,05,800.00);
INSERT INTO ContaCorrente (numeroConta, numeroAgencia, nire, limiteChequeEspecial) VALUES (000006,06,06,900.00);
INSERT INTO ContaCorrente (numeroConta, numeroAgencia, nire, limiteChequeEspecial) VALUES (000049,06,06,1000.00);
INSERT INTO ContaCorrente (numeroConta, numeroAgencia, nire, limiteChequeEspecial) VALUES (000007,07,07,1100.00);
INSERT INTO ContaCorrente (numeroConta, numeroAgencia, nire, limiteChequeEspecial) VALUES (000051,07,07,1200.00);
INSERT INTO ContaCorrente (numeroConta, numeroAgencia, nire, limiteChequeEspecial) VALUES (000008,08,08,1300.00);
INSERT INTO ContaCorrente (numeroConta, numeroAgencia, nire, limiteChequeEspecial) VALUES (000009,09,09,1400.00);
INSERT INTO ContaCorrente (numeroConta, numeroAgencia, nire, limiteChequeEspecial) VALUES (000010,10,10,1500.00);
INSERT INTO ContaCorrente (numeroConta, numeroAgencia, nire, limiteChequeEspecial) VALUES (000055,10,10,2000.00);
INSERT INTO ContaCorrente (numeroConta, numeroAgencia, nire, limiteChequeEspecial) VALUES (000056,10,10,2500.00);
INSERT INTO ContaCorrente (numeroConta, numeroAgencia, nire, limiteChequeEspecial) VALUES (000011,11,11,2600.00);
INSERT INTO ContaCorrente (numeroConta, numeroAgencia, nire, limiteChequeEspecial) VALUES (000012,12,12,2700.00);
INSERT INTO ContaCorrente (numeroConta, numeroAgencia, nire, limiteChequeEspecial) VALUES (000013,13,13,2800.00);
INSERT INTO ContaCorrente (numeroConta, numeroAgencia, nire, limiteChequeEspecial) VALUES (000014,14,14,2900.00);
INSERT INTO ContaCorrente (numeroConta, numeroAgencia, nire, limiteChequeEspecial) VALUES (000015,15,15,3000.00);
INSERT INTO ContaCorrente (numeroConta, numeroAgencia, nire, limiteChequeEspecial) VALUES (000016,16,16,3500.00);
INSERT INTO ContaCorrente (numeroConta, numeroAgencia, nire, limiteChequeEspecial) VALUES (000017,17,17,4000.00);
INSERT INTO ContaCorrente (numeroConta, numeroAgencia, nire, limiteChequeEspecial) VALUES (000018,18,18,4500.00);
INSERT INTO ContaCorrente (numeroConta, numeroAgencia, nire, limiteChequeEspecial) VALUES (000019,19,19,5000.00);
INSERT INTO ContaCorrente (numeroConta, numeroAgencia, nire, limiteChequeEspecial) VALUES (000020,20,20,5500.00);
INSERT INTO ContaCorrente (numeroConta, numeroAgencia, nire, limiteChequeEspecial) VALUES (000021,21,21,6000.00);
INSERT INTO ContaCorrente (numeroConta, numeroAgencia, nire, limiteChequeEspecial) VALUES (000022,22,22,6500.00);
INSERT INTO ContaCorrente (numeroConta, numeroAgencia, nire, limiteChequeEspecial) VALUES (000023,23,23,7000.00);
INSERT INTO ContaCorrente (numeroConta, numeroAgencia, nire, limiteChequeEspecial) VALUES (000024,24,24,7500.00);
INSERT INTO ContaCorrente (numeroConta, numeroAgencia, nire, limiteChequeEspecial) VALUES (000025,25,25,8000.00);
INSERT INTO ContaCorrente (numeroConta, numeroAgencia, nire, limiteChequeEspecial) VALUES (000026,26,26,8500.00);
INSERT INTO ContaCorrente (numeroConta, numeroAgencia, nire, limiteChequeEspecial) VALUES (000027,27,27,9000.00);
INSERT INTO ContaCorrente (numeroConta, numeroAgencia, nire, limiteChequeEspecial) VALUES (000028,28,01,9500.00);
INSERT INTO ContaCorrente (numeroConta, numeroAgencia, nire, limiteChequeEspecial) VALUES (000029,29,01,10000.00);
INSERT INTO ContaCorrente (numeroConta, numeroAgencia, nire, limiteChequeEspecial) VALUES (000030,30,02,11000.00);
INSERT INTO ContaCorrente (numeroConta, numeroAgencia, nire, limiteChequeEspecial) VALUES (000031,31,02,12000.00);
INSERT INTO ContaCorrente (numeroConta, numeroAgencia, nire, limiteChequeEspecial) VALUES (000032,32,02,13000.00);
INSERT INTO ContaCorrente (numeroConta, numeroAgencia, nire, limiteChequeEspecial) VALUES (000033,33,02,14000.00);
INSERT INTO ContaCorrente (numeroConta, numeroAgencia, nire, limiteChequeEspecial) VALUES (000034,34,03,15000.00);
INSERT INTO ContaCorrente (numeroConta, numeroAgencia, nire, limiteChequeEspecial) VALUES (000035,35,04,16000.00);
INSERT INTO ContaCorrente (numeroConta, numeroAgencia, nire, limiteChequeEspecial) VALUES (000036,36,05,17000.00);
INSERT INTO ContaCorrente (numeroConta, numeroAgencia, nire, limiteChequeEspecial) VALUES (000037,37,06,18000.00);
INSERT INTO ContaCorrente (numeroConta, numeroAgencia, nire, limiteChequeEspecial) VALUES (000038,38,06,19000.00);
INSERT INTO ContaCorrente (numeroConta, numeroAgencia, nire, limiteChequeEspecial) VALUES (000039,39,08,20000.00);
INSERT INTO ContaCorrente (numeroConta, numeroAgencia, nire, limiteChequeEspecial) VALUES (000040,40,08,25000.00);


--ContaPoupanca feliz
--numeroConta, numeroAgencia, nire, taxaJuros
-- OK!

INSERT INTO ContaPoupanca (numeroConta, numeroAgencia, nire, taxaJuros) VALUES (000042,01,01,05.56);
INSERT INTO ContaPoupanca (numeroConta, numeroAgencia, nire, taxaJuros) VALUES (000044,02,02,06.45);
INSERT INTO ContaPoupanca (numeroConta, numeroAgencia, nire, taxaJuros) VALUES (000046,03,03,04.23);
INSERT INTO ContaPoupanca (numeroConta, numeroAgencia, nire, taxaJuros) VALUES (000047,04,04,07.41);
INSERT INTO ContaPoupanca (numeroConta, numeroAgencia, nire, taxaJuros) VALUES (000048,05,05,08.69);
INSERT INTO ContaPoupanca (numeroConta, numeroAgencia, nire, taxaJuros) VALUES (000050,06,06,09.78);
INSERT INTO ContaPoupanca (numeroConta, numeroAgencia, nire, taxaJuros) VALUES (000052,07,07,10.87);
INSERT INTO ContaPoupanca (numeroConta, numeroAgencia, nire, taxaJuros) VALUES (000053,08,08,09.63);
INSERT INTO ContaPoupanca (numeroConta, numeroAgencia, nire, taxaJuros) VALUES (000054,09,09,08.52);
INSERT INTO ContaPoupanca (numeroConta, numeroAgencia, nire, taxaJuros) VALUES (000057,10,10,07.58);
INSERT INTO ContaPoupanca (numeroConta, numeroAgencia, nire, taxaJuros) VALUES (000058,10,10,05.54);
INSERT INTO ContaPoupanca (numeroConta, numeroAgencia, nire, taxaJuros) VALUES (000059,10,10,05.74);
INSERT INTO ContaPoupanca (numeroConta, numeroAgencia, nire, taxaJuros) VALUES (000060,11,11,04.14);


--ClienteConta feliz
--idCliente,numeroConta,numeroAgencia,nire

INSERT INTO ClienteConta (idCliente,numeroConta,numeroAgencia,nire) VALUES (01,000001,01,01);
INSERT INTO ClienteConta (idCliente,numeroConta,numeroAgencia,nire) VALUES (02,000002,02,02);
INSERT INTO ClienteConta (idCliente,numeroConta,numeroAgencia,nire) VALUES (03,000003,03,03);
INSERT INTO ClienteConta (idCliente,numeroConta,numeroAgencia,nire) VALUES (04,000004,04,04);
INSERT INTO ClienteConta (idCliente,numeroConta,numeroAgencia,nire) VALUES (05,000005,05,05);
INSERT INTO ClienteConta (idCliente,numeroConta,numeroAgencia,nire) VALUES (06,000006,06,06);
INSERT INTO ClienteConta (idCliente,numeroConta,numeroAgencia,nire) VALUES (07,000007,07,07);
INSERT INTO ClienteConta (idCliente,numeroConta,numeroAgencia,nire) VALUES (08,000008,08,08);
INSERT INTO ClienteConta (idCliente,numeroConta,numeroAgencia,nire) VALUES (09,000009,09,09);
INSERT INTO ClienteConta (idCliente,numeroConta,numeroAgencia,nire) VALUES (10,000010,10,10);
INSERT INTO ClienteConta (idCliente,numeroConta,numeroAgencia,nire) VALUES (11,000011,11,11);
INSERT INTO ClienteConta (idCliente,numeroConta,numeroAgencia,nire) VALUES (12,000012,12,12);
INSERT INTO ClienteConta (idCliente,numeroConta,numeroAgencia,nire) VALUES (13,000013,13,13);
INSERT INTO ClienteConta (idCliente,numeroConta,numeroAgencia,nire) VALUES (14,000014,14,14);
INSERT INTO ClienteConta (idCliente,numeroConta,numeroAgencia,nire) VALUES (15,000015,15,15);
INSERT INTO ClienteConta (idCliente,numeroConta,numeroAgencia,nire) VALUES (16,000016,16,16);
INSERT INTO ClienteConta (idCliente,numeroConta,numeroAgencia,nire) VALUES (17,000017,17,17);
INSERT INTO ClienteConta (idCliente,numeroConta,numeroAgencia,nire) VALUES (18,000018,18,18);
INSERT INTO ClienteConta (idCliente,numeroConta,numeroAgencia,nire) VALUES (19,000019,19,19);
INSERT INTO ClienteConta (idCliente,numeroConta,numeroAgencia,nire) VALUES (20,000020,20,20);
INSERT INTO ClienteConta (idCliente,numeroConta,numeroAgencia,nire) VALUES (21,000021,21,21);
INSERT INTO ClienteConta (idCliente,numeroConta,numeroAgencia,nire) VALUES (22,000022,22,22);
INSERT INTO ClienteConta (idCliente,numeroConta,numeroAgencia,nire) VALUES (23,000023,23,23);
INSERT INTO ClienteConta (idCliente,numeroConta,numeroAgencia,nire) VALUES (24,000024,24,24);
INSERT INTO ClienteConta (idCliente,numeroConta,numeroAgencia,nire) VALUES (25,000025,25,25);
INSERT INTO ClienteConta (idCliente,numeroConta,numeroAgencia,nire) VALUES (26,000026,26,26);
INSERT INTO ClienteConta (idCliente,numeroConta,numeroAgencia,nire) VALUES (27,000027,27,27);
INSERT INTO ClienteConta (idCliente,numeroConta,numeroAgencia,nire) VALUES (28,000028,28,01);
INSERT INTO ClienteConta (idCliente,numeroConta,numeroAgencia,nire) VALUES (29,000029,29,01);
INSERT INTO ClienteConta (idCliente,numeroConta,numeroAgencia,nire) VALUES (30,000030,30,02);
INSERT INTO ClienteConta (idCliente,numeroConta,numeroAgencia,nire) VALUES (31,000031,31,02);
INSERT INTO ClienteConta (idCliente,numeroConta,numeroAgencia,nire) VALUES (32,000032,32,02);
INSERT INTO ClienteConta (idCliente,numeroConta,numeroAgencia,nire) VALUES (33,000033,33,02);
INSERT INTO ClienteConta (idCliente,numeroConta,numeroAgencia,nire) VALUES (34,000034,34,03);
INSERT INTO ClienteConta (idCliente,numeroConta,numeroAgencia,nire) VALUES (35,000035,35,04);
INSERT INTO ClienteConta (idCliente,numeroConta,numeroAgencia,nire) VALUES (36,000036,36,05);
INSERT INTO ClienteConta (idCliente,numeroConta,numeroAgencia,nire) VALUES (37,000037,37,06);
INSERT INTO ClienteConta (idCliente,numeroConta,numeroAgencia,nire) VALUES (38,000038,38,06);
INSERT INTO ClienteConta (idCliente,numeroConta,numeroAgencia,nire) VALUES (39,000039,39,08);
INSERT INTO ClienteConta (idCliente,numeroConta,numeroAgencia,nire) VALUES (40,000040,40,08);
INSERT INTO ClienteConta (idCliente,numeroConta,numeroAgencia,nire) VALUES (41,000041,01,01);
INSERT INTO ClienteConta (idCliente,numeroConta,numeroAgencia,nire) VALUES (42,000042,01,01);
INSERT INTO ClienteConta (idCliente,numeroConta,numeroAgencia,nire) VALUES (43,000043,02,02);
INSERT INTO ClienteConta (idCliente,numeroConta,numeroAgencia,nire) VALUES (44,000044,02,02);
INSERT INTO ClienteConta (idCliente,numeroConta,numeroAgencia,nire) VALUES (45,000045,03,03);
INSERT INTO ClienteConta (idCliente,numeroConta,numeroAgencia,nire) VALUES (46,000046,03,03);
INSERT INTO ClienteConta (idCliente,numeroConta,numeroAgencia,nire) VALUES (47,000047,04,04);
INSERT INTO ClienteConta (idCliente,numeroConta,numeroAgencia,nire) VALUES (48,000048,05,05);
INSERT INTO ClienteConta (idCliente,numeroConta,numeroAgencia,nire) VALUES (49,000049,06,06);
INSERT INTO ClienteConta (idCliente,numeroConta,numeroAgencia,nire) VALUES (01,000050,06,06);
INSERT INTO ClienteConta (idCliente,numeroConta,numeroAgencia,nire) VALUES (02,000051,07,07);
INSERT INTO ClienteConta (idCliente,numeroConta,numeroAgencia,nire) VALUES (03,000052,07,07);
INSERT INTO ClienteConta (idCliente,numeroConta,numeroAgencia,nire) VALUES (04,000053,08,08);
INSERT INTO ClienteConta (idCliente,numeroConta,numeroAgencia,nire) VALUES (05,000054,09,09);
INSERT INTO ClienteConta (idCliente,numeroConta,numeroAgencia,nire) VALUES (06,000055,10,10);
INSERT INTO ClienteConta (idCliente,numeroConta,numeroAgencia,nire) VALUES (07,000056,10,10);
INSERT INTO ClienteConta (idCliente,numeroConta,numeroAgencia,nire) VALUES (08,000057,10,10);
INSERT INTO ClienteConta (idCliente,numeroConta,numeroAgencia,nire) VALUES (09,000058,10,10);
INSERT INTO ClienteConta (idCliente,numeroConta,numeroAgencia,nire) VALUES (10,000059,10,10);
INSERT INTO ClienteConta (idCliente,numeroConta,numeroAgencia,nire) VALUES (50,000060,11,11);


--Servico feliz
--valor,tipo,dataServico,id,idCliente,numeroConta,numeroAgencia,nire
-- erro constraint...
-- date invalid:
--INSERT INTO Servico (valor,tipo,dataServico,id,idCliente,numeroConta,numeroAgencia,nire) VALUES (0.63,'Saque',to_date('31/11/2011 20:00:00','dd/mm/yyyy hh24:mi:ss'),13,13,000013,13,13);
-- OK!

INSERT INTO Servico (valor,tipo,dataServico,id,idCliente,numeroConta,numeroAgencia,nire) VALUES (4851181.68,'Depósito',to_date('28/06/2011 08:01:00','dd/mm/yyyy hh24:mi:ss'),01,01,000001,01,01);
INSERT INTO Servico (valor,tipo,dataServico,id,idCliente,numeroConta,numeroAgencia,nire) VALUES (18978197.96,'Saque',to_date('05/06/2010 09:00:00','dd/mm/yyyy hh24:mi:ss'),02,02,000002,02,02);
INSERT INTO Servico (valor,tipo,dataServico,id,idCliente,numeroConta,numeroAgencia,nire) VALUES (0.00,'Consulta',to_date('10/09/2001 10:02:00','dd/mm/yyyy hh24:mi:ss'),03,03,000003,03,03);
INSERT INTO Servico (valor,tipo,dataServico,id,idCliente,numeroConta,numeroAgencia,nire) VALUES (631461.76,'Depósito',to_date('09/08/2002 11:03:00','dd/mm/yyyy hh24:mi:ss'),04,04,000004,04,04);
INSERT INTO Servico (valor,tipo,dataServico,id,idCliente,numeroConta,numeroAgencia,nire) VALUES (72.58,'Saque',to_date('08/07/2003 12:04:00','dd/mm/yyyy hh24:mi:ss'),05,05,000005,05,05);
INSERT INTO Servico (valor,tipo,dataServico,id,idCliente,numeroConta,numeroAgencia,nire) VALUES (0.06,'Saque',to_date('07/06/2004 13:05:00','dd/mm/yyyy hh24:mi:ss'),06,06,000006,06,06);
INSERT INTO Servico (valor,tipo,dataServico,id,idCliente,numeroConta,numeroAgencia,nire) VALUES (8614.86,'Saque',to_date('06/05/2005 14:06:00','dd/mm/yyyy hh24:mi:ss'),07,07,000007,07,07);
INSERT INTO Servico (valor,tipo,dataServico,id,idCliente,numeroConta,numeroAgencia,nire) VALUES (71.48,'Saque',to_date('05/04/2006 15:07:00','dd/mm/yyyy hh24:mi:ss'),08,08,000008,08,08);
INSERT INTO Servico (valor,tipo,dataServico,id,idCliente,numeroConta,numeroAgencia,nire) VALUES (6716841.86,'Depósito',to_date('04/03/2007 16:08:00','dd/mm/yyyy hh24:mi:ss'),09,09,000009,09,09);
INSERT INTO Servico (valor,tipo,dataServico,id,idCliente,numeroConta,numeroAgencia,nire) VALUES (148.16,'Saque',to_date('03/02/2008 17:09:00','dd/mm/yyyy hh24:mi:ss'),10,10,000010,10,10);
INSERT INTO Servico (valor,tipo,dataServico,id,idCliente,numeroConta,numeroAgencia,nire) VALUES (4181614.86,'Saque',to_date('02/01/2009 18:10:00','dd/mm/yyyy hh24:mi:ss'),11,11,000011,11,11);
INSERT INTO Servico (valor,tipo,dataServico,id,idCliente,numeroConta,numeroAgencia,nire) VALUES (86168146.81,'Saque',to_date('01/12/2010 19:11:00','dd/mm/yyyy hh24:mi:ss'),12,12,000012,12,12);
INSERT INTO Servico (valor,tipo,dataServico,id,idCliente,numeroConta,numeroAgencia,nire) VALUES (0.63,'Saque',to_date('31/12/2011 20:00:00','dd/mm/yyyy hh24:mi:ss'),13,13,000013,13,13);
INSERT INTO Servico (valor,tipo,dataServico,id,idCliente,numeroConta,numeroAgencia,nire) VALUES (0.73,'Saque',to_date('30/10/2001 08:13:00','dd/mm/yyyy hh24:mi:ss'),14,14,000014,14,14);
INSERT INTO Servico (valor,tipo,dataServico,id,idCliente,numeroConta,numeroAgencia,nire) VALUES (0.43,'Depósito',to_date('29/09/2002 09:14:00','dd/mm/yyyy hh24:mi:ss'),15,15,000015,15,15);
INSERT INTO Servico (valor,tipo,dataServico,id,idCliente,numeroConta,numeroAgencia,nire) VALUES (803.80,'Saque',to_date('28/08/2003 10:15:00','dd/mm/yyyy hh24:mi:ss'),16,16,000016,16,16);
INSERT INTO Servico (valor,tipo,dataServico,id,idCliente,numeroConta,numeroAgencia,nire) VALUES (74380.74,'Saque',to_date('27/07/2004 11:16:00','dd/mm/yyyy hh24:mi:ss'),17,17,000017,17,17);
INSERT INTO Servico (valor,tipo,dataServico,id,idCliente,numeroConta,numeroAgencia,nire) VALUES (0967987.06,'Saque',to_date('26/06/2005 12:17:00','dd/mm/yyyy hh24:mi:ss'),18,18,000018,18,18);
INSERT INTO Servico (valor,tipo,dataServico,id,idCliente,numeroConta,numeroAgencia,nire) VALUES (76.80,'Saque',to_date('25/05/2006 13:18:00','dd/mm/yyyy hh24:mi:ss'),19,19,000019,19,19);
INSERT INTO Servico (valor,tipo,dataServico,id,idCliente,numeroConta,numeroAgencia,nire) VALUES (69079607.98,'Saque',to_date('24/04/2007 14:19:00','dd/mm/yyyy hh24:mi:ss'),20,20,000020,20,20);
INSERT INTO Servico (valor,tipo,dataServico,id,idCliente,numeroConta,numeroAgencia,nire) VALUES (79670690.78,'Depósito',to_date('23/03/2008 15:20:00','dd/mm/yyyy hh24:mi:ss'),21,21,000021,21,21);
INSERT INTO Servico (valor,tipo,dataServico,id,idCliente,numeroConta,numeroAgencia,nire) VALUES (708904.75,'Depósito',to_date('22/02/2009 16:21:00','dd/mm/yyyy hh24:mi:ss'),22,22,000022,22,22);
INSERT INTO Servico (valor,tipo,dataServico,id,idCliente,numeroConta,numeroAgencia,nire) VALUES (14.32,'Depósito',to_date('21/01/2010 17:22:00','dd/mm/yyyy hh24:mi:ss'),23,23,000023,23,23);
INSERT INTO Servico (valor,tipo,dataServico,id,idCliente,numeroConta,numeroAgencia,nire) VALUES (4.38,'Saque',to_date('20/12/2011 18:23:00','dd/mm/yyyy hh24:mi:ss'),24,24,000024,24,24);
INSERT INTO Servico (valor,tipo,dataServico,id,idCliente,numeroConta,numeroAgencia,nire) VALUES (7.98,'Depósito',to_date('19/11/2001 19:24:00','dd/mm/yyyy hh24:mi:ss'),25,25,000025,25,25);
INSERT INTO Servico (valor,tipo,dataServico,id,idCliente,numeroConta,numeroAgencia,nire) VALUES (0.06,'Saque',to_date('18/10/2002 20:00:00','dd/mm/yyyy hh24:mi:ss'),26,26,000026,26,26);
INSERT INTO Servico (valor,tipo,dataServico,id,idCliente,numeroConta,numeroAgencia,nire) VALUES (507.68,'Saque',to_date('17/09/2003 19:26:00','dd/mm/yyyy hh24:mi:ss'),27,27,000027,27,27);
INSERT INTO Servico (valor,tipo,dataServico,id,idCliente,numeroConta,numeroAgencia,nire) VALUES (79790.79,'Depósito',to_date('16/08/2004 18:27:00','dd/mm/yyyy hh24:mi:ss'),28,28,000028,28,01);
INSERT INTO Servico (valor,tipo,dataServico,id,idCliente,numeroConta,numeroAgencia,nire) VALUES (7.68,'Saque',to_date('15/07/2005 17:28:00','dd/mm/yyyy hh24:mi:ss'),29,29,000029,29,01);
INSERT INTO Servico (valor,tipo,dataServico,id,idCliente,numeroConta,numeroAgencia,nire) VALUES (0.14,'Saque',to_date('04/06/2006 16:29:00','dd/mm/yyyy hh24:mi:ss'),30,30,000030,30,02);
INSERT INTO Servico (valor,tipo,dataServico,id,idCliente,numeroConta,numeroAgencia,nire) VALUES (34.63,'Saque',to_date('13/05/2007 15:30:00','dd/mm/yyyy hh24:mi:ss'),31,31,000031,31,02);
INSERT INTO Servico (valor,tipo,dataServico,id,idCliente,numeroConta,numeroAgencia,nire) VALUES (4.76,'Depósito',to_date('12/04/2008 14:01:00','dd/mm/yyyy hh24:mi:ss'),32,32,000032,32,02);
INSERT INTO Servico (valor,tipo,dataServico,id,idCliente,numeroConta,numeroAgencia,nire) VALUES (4.76,'Saque',to_date('12/04/2008 13:33:00','dd/mm/yyyy hh24:mi:ss'),33,33,000033,33,02);
INSERT INTO Servico (valor,tipo,dataServico,id,idCliente,numeroConta,numeroAgencia,nire) VALUES (0.87,'Depósito',to_date('11/03/2009 12:36:00','dd/mm/yyyy hh24:mi:ss'),34,34,000034,34,03);
INSERT INTO Servico (valor,tipo,dataServico,id,idCliente,numeroConta,numeroAgencia,nire) VALUES (15.61,'Saque',to_date('10/02/2010 11:37:00','dd/mm/yyyy hh24:mi:ss'),35,35,000035,35,04);
INSERT INTO Servico (valor,tipo,dataServico,id,idCliente,numeroConta,numeroAgencia,nire) VALUES (73685482.31,'Depósito',to_date('09/01/2011 10:39:00','dd/mm/yyyy hh24:mi:ss'),36,36,000036,36,05);
INSERT INTO Servico (valor,tipo,dataServico,id,idCliente,numeroConta,numeroAgencia,nire) VALUES (1.24,'Saque',to_date('08/12/2001 09:32:00','dd/mm/yyyy hh24:mi:ss'),37,37,000037,37,06);
INSERT INTO Servico (valor,tipo,dataServico,id,idCliente,numeroConta,numeroAgencia,nire) VALUES (5.12,'Depósito',to_date('07/11/2002 08:42:00','dd/mm/yyyy hh24:mi:ss'),38,38,000038,38,06);
INSERT INTO Servico (valor,tipo,dataServico,id,idCliente,numeroConta,numeroAgencia,nire) VALUES (6.54,'Saque',to_date('06/10/2003 09:44:00','dd/mm/yyyy hh24:mi:ss'),39,39,000039,39,08);
INSERT INTO Servico (valor,tipo,dataServico,id,idCliente,numeroConta,numeroAgencia,nire) VALUES (21.28,'Saque',to_date('05/09/2004 10:46:00','dd/mm/yyyy hh24:mi:ss'),40,40,000040,40,08);
INSERT INTO Servico (valor,tipo,dataServico,id,idCliente,numeroConta,numeroAgencia,nire) VALUES (5.65,'Depósito',to_date('04/08/2005 11:48:00','dd/mm/yyyy hh24:mi:ss'),41,41,000041,01,01);
INSERT INTO Servico (valor,tipo,dataServico,id,idCliente,numeroConta,numeroAgencia,nire) VALUES (0.71,'Saque',to_date('03/07/2006 12:50:00','dd/mm/yyyy hh24:mi:ss'),42,42,000042,01,01);
INSERT INTO Servico (valor,tipo,dataServico,id,idCliente,numeroConta,numeroAgencia,nire) VALUES (789.97,'Saque',to_date('02/06/2007 13:52:00','dd/mm/yyyy hh24:mi:ss'),43,43,000043,02,02);
INSERT INTO Servico (valor,tipo,dataServico,id,idCliente,numeroConta,numeroAgencia,nire) VALUES (0.15,'Saque',to_date('01/05/2008 14:54:00','dd/mm/yyyy hh24:mi:ss'),44,44,000044,02,02);
INSERT INTO Servico (valor,tipo,dataServico,id,idCliente,numeroConta,numeroAgencia,nire) VALUES (9878.96,'Depósito',to_date('30/04/2009 15:56:00','dd/mm/yyyy hh24:mi:ss'),45,45,000045,03,03);
INSERT INTO Servico (valor,tipo,dataServico,id,idCliente,numeroConta,numeroAgencia,nire) VALUES (565.45,'Saque',to_date('29/03/2010 16:58:00','dd/mm/yyyy hh24:mi:ss'),46,46,000046,03,03);
INSERT INTO Servico (valor,tipo,dataServico,id,idCliente,numeroConta,numeroAgencia,nire) VALUES (34.12,'Depósito',to_date('28/06/2011 17:00:00','dd/mm/yyyy hh24:mi:ss'),47,47,000047,04,04);
INSERT INTO Servico (valor,tipo,dataServico,id,idCliente,numeroConta,numeroAgencia,nire) VALUES (43.11,'Depósito',to_date('27/02/2001 18:31:00','dd/mm/yyyy hh24:mi:ss'),48,48,000048,05,05);
INSERT INTO Servico (valor,tipo,dataServico,id,idCliente,numeroConta,numeroAgencia,nire) VALUES (12431245.65,'Saque',to_date('26/01/2002 19:33:00','dd/mm/yyyy hh24:mi:ss'),49,49,000049,06,06);
INSERT INTO Servico (valor,tipo,dataServico,id,idCliente,numeroConta,numeroAgencia,nire) VALUES (45648177.81,'Depósito',to_date('25/12/2003 18:35:00','dd/mm/yyyy hh24:mi:ss'),50,01,000050,06,06);
INSERT INTO Servico (valor,tipo,dataServico,id,idCliente,numeroConta,numeroAgencia,nire) VALUES (1.46,'Saque',to_date('24/11/2004 17:34:00','dd/mm/yyyy hh24:mi:ss'),51,02,000051,07,07);
INSERT INTO Servico (valor,tipo,dataServico,id,idCliente,numeroConta,numeroAgencia,nire) VALUES (14.68,'Saque',to_date('23/10/2005 16:39:00','dd/mm/yyyy hh24:mi:ss'),52,03,000052,07,07);
INSERT INTO Servico (valor,tipo,dataServico,id,idCliente,numeroConta,numeroAgencia,nire) VALUES (1.76,'Depósito',to_date('22/09/2006 15:41:00','dd/mm/yyyy hh24:mi:ss'),53,04,000053,08,08);
INSERT INTO Servico (valor,tipo,dataServico,id,idCliente,numeroConta,numeroAgencia,nire) VALUES (71684.16,'Saque',to_date('21/08/2007 14:43:00','dd/mm/yyyy hh24:mi:ss'),54,05,000054,09,09);
INSERT INTO Servico (valor,tipo,dataServico,id,idCliente,numeroConta,numeroAgencia,nire) VALUES (1687.16,'Saque',to_date('20/07/2008 18:45:00','dd/mm/yyyy hh24:mi:ss'),55,06,000055,10,10);
INSERT INTO Servico (valor,tipo,dataServico,id,idCliente,numeroConta,numeroAgencia,nire) VALUES (0.17,'Depósito',to_date('19/06/2009 12:47:00','dd/mm/yyyy hh24:mi:ss'),56,07,000056,10,10);
INSERT INTO Servico (valor,tipo,dataServico,id,idCliente,numeroConta,numeroAgencia,nire) VALUES (4.76,'Saque',to_date('18/05/2010 14:49:00','dd/mm/yyyy hh24:mi:ss'),57,08,000057,10,10);
INSERT INTO Servico (valor,tipo,dataServico,id,idCliente,numeroConta,numeroAgencia,nire) VALUES (0.87,'Depósito',to_date('17/04/2011 11:51:00','dd/mm/yyyy hh24:mi:ss'),58,09,000058,10,10);
INSERT INTO Servico (valor,tipo,dataServico,id,idCliente,numeroConta,numeroAgencia,nire) VALUES (15.61,'Saque',to_date('16/03/2001 10:53:00','dd/mm/yyyy hh24:mi:ss'),59,10,000059,10,10);
INSERT INTO Servico (valor,tipo,dataServico,id,idCliente,numeroConta,numeroAgencia,nire) VALUES (3681482.31,'Depósito',to_date('15/02/2002 09:55:00','dd/mm/yyyy hh24:mi:ss'),60,50,000060,11,11);
INSERT INTO Servico (valor,tipo,dataServico,id,idCliente,numeroConta,numeroAgencia,nire) VALUES (1.24,'Depósito',to_date('14/01/2003 08:57:00','dd/mm/yyyy hh24:mi:ss'),61,50,000060,11,11);
INSERT INTO Servico (valor,tipo,dataServico,id,idCliente,numeroConta,numeroAgencia,nire) VALUES (5.12,'Saque',to_date('13/12/2004 16:59:00','dd/mm/yyyy hh24:mi:ss'),62,50,000060,11,11);
INSERT INTO Servico (valor,tipo,dataServico,id,idCliente,numeroConta,numeroAgencia,nire) VALUES (6.54,'Depósito',to_date('12/11/2005 17:02:00','dd/mm/yyyy hh24:mi:ss'),63,10,000059,10,10);
INSERT INTO Servico (valor,tipo,dataServico,id,idCliente,numeroConta,numeroAgencia,nire) VALUES (21.28,'Saque',to_date('11/10/2006 10:04:00','dd/mm/yyyy hh24:mi:ss'),64,10,000059,10,10);
INSERT INTO Servico (valor,tipo,dataServico,id,idCliente,numeroConta,numeroAgencia,nire) VALUES (5.65,'Depósito',to_date('10/09/2007 11:16:00','dd/mm/yyyy hh24:mi:ss'),65,10,000059,10,10);
INSERT INTO Servico (valor,tipo,dataServico,id,idCliente,numeroConta,numeroAgencia,nire) VALUES (0.71,'Saque',to_date('09/08/2008 12:32:00','dd/mm/yyyy hh24:mi:ss'),66,10,000059,10,10);
INSERT INTO Servico (valor,tipo,dataServico,id,idCliente,numeroConta,numeroAgencia,nire) VALUES (789.97,'Saque',to_date('08/07/2009 13:04:00','dd/mm/yyyy hh24:mi:ss'),67,09,000058,10,10);
INSERT INTO Servico (valor,tipo,dataServico,id,idCliente,numeroConta,numeroAgencia,nire) VALUES (0.15,'Depósito',to_date('07/06/2010 14:03:00','dd/mm/yyyy hh24:mi:ss'),68,08,000057,10,10);
INSERT INTO Servico (valor,tipo,dataServico,id,idCliente,numeroConta,numeroAgencia,nire) VALUES (9878.96,'Saque',to_date('04/05/2011 15:09:00','dd/mm/yyyy hh24:mi:ss'),69,07,000056,10,10);
INSERT INTO Servico (valor,tipo,dataServico,id,idCliente,numeroConta,numeroAgencia,nire) VALUES (565.45,'Depósito',to_date('09/04/2001 16:27:00','dd/mm/yyyy hh24:mi:ss'),70,06,000055,10,10);
INSERT INTO Servico (valor,tipo,dataServico,id,idCliente,numeroConta,numeroAgencia,nire) VALUES (34.12,'Saque',to_date('24/03/2002 17:05:00','dd/mm/yyyy hh24:mi:ss'),71,06,000055,10,10);
INSERT INTO Servico (valor,tipo,dataServico,id,idCliente,numeroConta,numeroAgencia,nire) VALUES (43.11,'Saque',to_date('28/02/2003 18:25:00','dd/mm/yyyy hh24:mi:ss'),72,06,000055,10,10);
INSERT INTO Servico (valor,tipo,dataServico,id,idCliente,numeroConta,numeroAgencia,nire) VALUES (43124545.65,'Depósito',to_date('26/01/2004 19:00:00','dd/mm/yyyy hh24:mi:ss'),73,05,000054,09,09);
INSERT INTO Servico (valor,tipo,dataServico,id,idCliente,numeroConta,numeroAgencia,nire) VALUES (145648177.81,'Saque',to_date('30/12/2005 09:00:00','dd/mm/yyyy hh24:mi:ss'),74,05,000054,09,09);
INSERT INTO Servico (valor,tipo,dataServico,id,idCliente,numeroConta,numeroAgencia,nire) VALUES (1.46,'Saque',to_date('05/11/2006 08:00:00','dd/mm/yyyy hh24:mi:ss'),75,04,000053,08,08);
INSERT INTO Servico (valor,tipo,dataServico,id,idCliente,numeroConta,numeroAgencia,nire) VALUES (14.68,'Depósito',to_date('04/10/2007 09:00:00','dd/mm/yyyy hh24:mi:ss'),76,04,000053,08,08);
INSERT INTO Servico (valor,tipo,dataServico,id,idCliente,numeroConta,numeroAgencia,nire) VALUES (1.76,'Saque',to_date('30/09/2008 10:30:00','dd/mm/yyyy hh24:mi:ss'),77,04,000053,08,08);
INSERT INTO Servico (valor,tipo,dataServico,id,idCliente,numeroConta,numeroAgencia,nire) VALUES (71684.16,'Depósito',to_date('31/08/2009 11:30:00','dd/mm/yyyy hh24:mi:ss'),78,04,000053,08,08);
INSERT INTO Servico (valor,tipo,dataServico,id,idCliente,numeroConta,numeroAgencia,nire) VALUES (1687.16,'Depósito',to_date('21/07/2010 12:30:00','dd/mm/yyyy hh24:mi:ss'),79,03,000052,07,07);
INSERT INTO Servico (valor,tipo,dataServico,id,idCliente,numeroConta,numeroAgencia,nire) VALUES (0.17,'Saque',to_date('05/06/2011 13:30:00','dd/mm/yyyy hh24:mi:ss'),80,02,000051,07,07);
INSERT INTO Servico (valor,tipo,dataServico,id,idCliente,numeroConta,numeroAgencia,nire) VALUES (0.00,'Consulta',to_date('30/05/2001 14:30:00','dd/mm/yyyy hh24:mi:ss'),81,02,000051,07,07);
INSERT INTO Servico (valor,tipo,dataServico,id,idCliente,numeroConta,numeroAgencia,nire) VALUES (0.00,'Consulta',to_date('04/04/2002 15:10:00','dd/mm/yyyy hh24:mi:ss'),82,01,000050,06,06);
INSERT INTO Servico (valor,tipo,dataServico,id,idCliente,numeroConta,numeroAgencia,nire) VALUES (0.00,'Consulta',to_date('06/03/2001 16:10:00','dd/mm/yyyy hh24:mi:ss'),83,01,000050,06,06);
INSERT INTO Servico (valor,tipo,dataServico,id,idCliente,numeroConta,numeroAgencia,nire) VALUES (0.00,'Consulta',to_date('28/02/2011 17:10:00','dd/mm/yyyy hh24:mi:ss'),84,49,000049,06,06);
INSERT INTO Servico (valor,tipo,dataServico,id,idCliente,numeroConta,numeroAgencia,nire) VALUES (0.00,'Consulta',to_date('12/01/2010 18:10:00','dd/mm/yyyy hh24:mi:ss'),85,48,000048,05,05);
INSERT INTO Servico (valor,tipo,dataServico,id,idCliente,numeroConta,numeroAgencia,nire) VALUES (0.00,'Consulta',to_date('08/04/2011 19:20:00','dd/mm/yyyy hh24:mi:ss'),86,48,000048,05,05);
INSERT INTO Servico (valor,tipo,dataServico,id,idCliente,numeroConta,numeroAgencia,nire) VALUES (0.00,'Consulta',to_date('06/06/2010 08:20:00','dd/mm/yyyy hh24:mi:ss'),87,48,000048,05,05);
INSERT INTO Servico (valor,tipo,dataServico,id,idCliente,numeroConta,numeroAgencia,nire) VALUES (0.00,'Consulta',to_date('05/04/2006 09:20:00','dd/mm/yyyy hh24:mi:ss'),88,48,000048,05,05);


--TelefoneAgencia feliz
--telefone,numeroAgencia,nire
-- OK!

INSERT INTO TelefoneAgencia (telefone,numeroAgencia,nire) VALUES (34230556,01,01);
INSERT INTO TelefoneAgencia (telefone,numeroAgencia,nire) VALUES (32233236,02,02);
INSERT INTO TelefoneAgencia (telefone,numeroAgencia,nire) VALUES (32216205,03,03);
INSERT INTO TelefoneAgencia (telefone,numeroAgencia,nire) VALUES (32222299,04,04);
INSERT INTO TelefoneAgencia (telefone,numeroAgencia,nire) VALUES (33268080,05,05);
INSERT INTO TelefoneAgencia (telefone,numeroAgencia,nire) VALUES (32249575,06,06);
INSERT INTO TelefoneAgencia (telefone,numeroAgencia,nire) VALUES (32252811,07,07);
INSERT INTO TelefoneAgencia (telefone,numeroAgencia,nire) VALUES (34711245,08,08);
INSERT INTO TelefoneAgencia (telefone,numeroAgencia,nire) VALUES (30325163,09,09);
INSERT INTO TelefoneAgencia (telefone,numeroAgencia,nire) VALUES (34213345,10,10);
INSERT INTO TelefoneAgencia (telefone,numeroAgencia,nire) VALUES (32686364,11,11);
INSERT INTO TelefoneAgencia (telefone,numeroAgencia,nire) VALUES (32243107,12,12);
INSERT INTO TelefoneAgencia (telefone,numeroAgencia,nire) VALUES (32415839,13,13);
INSERT INTO TelefoneAgencia (telefone,numeroAgencia,nire) VALUES (32246279,14,14);
INSERT INTO TelefoneAgencia (telefone,numeroAgencia,nire) VALUES (33264747,15,15);
INSERT INTO TelefoneAgencia (telefone,numeroAgencia,nire) VALUES (33348260,16,16);
INSERT INTO TelefoneAgencia (telefone,numeroAgencia,nire) VALUES (32242020,17,17);
INSERT INTO TelefoneAgencia (telefone,numeroAgencia,nire) VALUES (32236419,18,18);
INSERT INTO TelefoneAgencia (telefone,numeroAgencia,nire) VALUES (32243320,19,19);
INSERT INTO TelefoneAgencia (telefone,numeroAgencia,nire) VALUES (32285879,20,20);
INSERT INTO TelefoneAgencia (telefone,numeroAgencia,nire) VALUES (34270990,21,21);
INSERT INTO TelefoneAgencia (telefone,numeroAgencia,nire) VALUES (34656137,22,22);
INSERT INTO TelefoneAgencia (telefone,numeroAgencia,nire) VALUES (34646712,23,23);
INSERT INTO TelefoneAgencia (telefone,numeroAgencia,nire) VALUES (34265751,24,24);
INSERT INTO TelefoneAgencia (telefone,numeroAgencia,nire) VALUES (32312344,25,25);
INSERT INTO TelefoneAgencia (telefone,numeroAgencia,nire) VALUES (34265751,26,26);
INSERT INTO TelefoneAgencia (telefone,numeroAgencia,nire) VALUES (30319902,27,27);
INSERT INTO TelefoneAgencia (telefone,numeroAgencia,nire) VALUES (34262500,28,01);
INSERT INTO TelefoneAgencia (telefone,numeroAgencia,nire) VALUES (30316251,29,01);
INSERT INTO TelefoneAgencia (telefone,numeroAgencia,nire) VALUES (32281586,30,02);
INSERT INTO TelefoneAgencia (telefone,numeroAgencia,nire) VALUES (34658500,31,02);
INSERT INTO TelefoneAgencia (telefone,numeroAgencia,nire) VALUES (33252741,32,02);
INSERT INTO TelefoneAgencia (telefone,numeroAgencia,nire) VALUES (34211432,33,02);
INSERT INTO TelefoneAgencia (telefone,numeroAgencia,nire) VALUES (32315660,34,03);
INSERT INTO TelefoneAgencia (telefone,numeroAgencia,nire) VALUES (34214517,35,04);
INSERT INTO TelefoneAgencia (telefone,numeroAgencia,nire) VALUES (33251596,36,05);
INSERT INTO TelefoneAgencia (telefone,numeroAgencia,nire) VALUES (32313126,37,06);
INSERT INTO TelefoneAgencia (telefone,numeroAgencia,nire) VALUES (34293393,38,06);
INSERT INTO TelefoneAgencia (telefone,numeroAgencia,nire) VALUES (34652224,39,08);
INSERT INTO TelefoneAgencia (telefone,numeroAgencia,nire) VALUES (30347032,40,08);
INSERT INTO TelefoneAgencia (telefone,numeroAgencia,nire) VALUES (30000002,41,1234);
INSERT INTO TelefoneAgencia (telefone,numeroAgencia,nire) VALUES (30000001,42,1234);
INSERT INTO TelefoneAgencia (telefone,numeroAgencia,nire) VALUES (30000003,43,1234);
INSERT INTO TelefoneAgencia (telefone,numeroAgencia,nire) VALUES (30000004,232,1234);


--TelefoneFuncionario feliz
--telefone,cpf,numeroAgencia,nire
-- OK! (atualizado)

INSERT INTO TelefoneFuncionario (telefone,cpf) VALUES (34646315,00000000001);
INSERT INTO TelefoneFuncionario (telefone,cpf) VALUES (34214517,00000000002);
INSERT INTO TelefoneFuncionario (telefone,cpf) VALUES (32666900,00000000003);
INSERT INTO TelefoneFuncionario (telefone,cpf) VALUES (32243310,00000000004);
INSERT INTO TelefoneFuncionario (telefone,cpf) VALUES (34234863,00000000005);
INSERT INTO TelefoneFuncionario (telefone,cpf) VALUES (33252741,00000000006);
INSERT INTO TelefoneFuncionario (telefone,cpf) VALUES (32244714,00000000007);
INSERT INTO TelefoneFuncionario (telefone,cpf) VALUES (32277822,00000000008);
INSERT INTO TelefoneFuncionario (telefone,cpf) VALUES (32251350,00000000009);
INSERT INTO TelefoneFuncionario (telefone,cpf) VALUES (33263125,00000000010);
INSERT INTO TelefoneFuncionario (telefone,cpf) VALUES (33394385,00000000011);
INSERT INTO TelefoneFuncionario (telefone,cpf) VALUES (32229166,00000000012);
INSERT INTO TelefoneFuncionario (telefone,cpf) VALUES (33277531,00000000013);
INSERT INTO TelefoneFuncionario (telefone,cpf) VALUES (34211432,00000000014);
INSERT INTO TelefoneFuncionario (telefone,cpf) VALUES (34234322,00000000015);
INSERT INTO TelefoneFuncionario (telefone,cpf) VALUES (30713982,00000000016);
INSERT INTO TelefoneFuncionario (telefone,cpf) VALUES (32743896,00000000017);
INSERT INTO TelefoneFuncionario (telefone,cpf) VALUES (32429617,00000000018);
INSERT INTO TelefoneFuncionario (telefone,cpf) VALUES (32217751,00000000019);
INSERT INTO TelefoneFuncionario (telefone,cpf) VALUES (32241573,00000000021);
INSERT INTO TelefoneFuncionario (telefone,cpf) VALUES (32426738,00000000022);
INSERT INTO TelefoneFuncionario (telefone,cpf) VALUES (32416342,00000000023);
INSERT INTO TelefoneFuncionario (telefone,cpf) VALUES (32246081,00000000024);
INSERT INTO TelefoneFuncionario (telefone,cpf) VALUES (34273220,00000000025);
INSERT INTO TelefoneFuncionario (telefone,cpf) VALUES (33274435,00000000026);
INSERT INTO TelefoneFuncionario (telefone,cpf) VALUES (34249890,00000000027);
INSERT INTO TelefoneFuncionario (telefone,cpf) VALUES (32224762,00000000028);
INSERT INTO TelefoneFuncionario (telefone,cpf) VALUES (32245477,00000000029);
INSERT INTO TelefoneFuncionario (telefone,cpf) VALUES (32223889,00000000030);
INSERT INTO TelefoneFuncionario (telefone,cpf) VALUES (32247321,00000000031);
INSERT INTO TelefoneFuncionario (telefone,cpf) VALUES (30323057,00000000032);
INSERT INTO TelefoneFuncionario (telefone,cpf) VALUES (34219617,00000000033);
INSERT INTO TelefoneFuncionario (telefone,cpf) VALUES (32281586,00000000034);
INSERT INTO TelefoneFuncionario (telefone,cpf) VALUES (32220470,00000000035);
INSERT INTO TelefoneFuncionario (telefone,cpf) VALUES (32685711,00000000036);
INSERT INTO TelefoneFuncionario (telefone,cpf) VALUES (32286511,00000000037);
INSERT INTO TelefoneFuncionario (telefone,cpf) VALUES (33257893,00000000038);
INSERT INTO TelefoneFuncionario (telefone,cpf) VALUES (34244063,00000000039);
INSERT INTO TelefoneFuncionario (telefone,cpf) VALUES (30344512,00000000040);
INSERT INTO TelefoneFuncionario (telefone,cpf) VALUES (30887709,00000000041);
INSERT INTO TelefoneFuncionario (telefone,cpf) VALUES (32423145,00000000042);
INSERT INTO TelefoneFuncionario (telefone,cpf) VALUES (32220142,00000000043);
INSERT INTO TelefoneFuncionario (telefone,cpf) VALUES (32214285,00000000044);
INSERT INTO TelefoneFuncionario (telefone,cpf) VALUES (34216664,00000000045);
INSERT INTO TelefoneFuncionario (telefone,cpf) VALUES (32413638,00000000046);
INSERT INTO TelefoneFuncionario (telefone,cpf) VALUES (32315964,00000000047);
INSERT INTO TelefoneFuncionario (telefone,cpf) VALUES (34216597,00000000048);
INSERT INTO TelefoneFuncionario (telefone,cpf) VALUES (96708808,00000000049);
INSERT INTO TelefoneFuncionario (telefone,cpf) VALUES (32242127,00000000050);
INSERT INTO TelefoneFuncionario (telefone,cpf) VALUES (91172176,00000000051);
INSERT INTO TelefoneFuncionario (telefone,cpf) VALUES (32216938,00000000052);
INSERT INTO TelefoneFuncionario (telefone,cpf) VALUES (92061778,00000000053);
INSERT INTO TelefoneFuncionario (telefone,cpf) VALUES (34534862,00000000054);
INSERT INTO TelefoneFuncionario (telefone,cpf) VALUES (32242127,00000000055);
INSERT INTO TelefoneFuncionario (telefone,cpf) VALUES (31242128,00000000056);
INSERT INTO TelefoneFuncionario (telefone,cpf) VALUES (33242119,00000000057);
INSERT INTO TelefoneFuncionario (telefone,cpf) VALUES (34242130,00000000058);
INSERT INTO TelefoneFuncionario (telefone,cpf) VALUES (34242131,00000000059);


--Pessoafisica feliz
--idCliente,cpf,estadoCivil,sexo,rg
-- OK!

INSERT INTO PessoaFisica (idCliente,cpf,estadoCivil,sexo,rg) VALUES (01,0000000059,'solteiro','m',0000001);
INSERT INTO PessoaFisica (idCliente,cpf,estadoCivil,sexo,rg) VALUES (03,0000000060,'solteiro','m',0000002);
INSERT INTO PessoaFisica (idCliente,cpf,estadoCivil,sexo,rg) VALUES (04,0000000061,'solteiro','m',0000003);
INSERT INTO PessoaFisica (idCliente,cpf,estadoCivil,sexo,rg) VALUES (05,0000000062,'casado','f',0000037);
INSERT INTO PessoaFisica (idCliente,cpf,estadoCivil,sexo,rg) VALUES (07,0000000063,'casado','m',0000036);
INSERT INTO PessoaFisica (idCliente,cpf,estadoCivil,sexo,rg) VALUES (08,0000000064,'casado','f',0000035);
INSERT INTO PessoaFisica (idCliente,cpf,estadoCivil,sexo,rg) VALUES (09,0000000065,'solteiro','f',0000004);
INSERT INTO PessoaFisica (idCliente,cpf,estadoCivil,sexo,rg) VALUES (11,0000000067,'solteiro','m',0000005);
INSERT INTO PessoaFisica (idCliente,cpf,estadoCivil,sexo,rg) VALUES (12,0000000068,'casado','f',0000040);
INSERT INTO PessoaFisica (idCliente,cpf,estadoCivil,sexo,rg) VALUES (13,0000000069,'casado','m',0000034);
INSERT INTO PessoaFisica (idCliente,cpf,estadoCivil,sexo,rg) VALUES (15,0000000070,'solteiro','m',0000006);
INSERT INTO PessoaFisica (idCliente,cpf,estadoCivil,sexo,rg) VALUES (16,0000000071,'solteiro','m',0000007);
INSERT INTO PessoaFisica (idCliente,cpf,estadoCivil,sexo,rg) VALUES (17,0000000072,'casado','f',0000033);
INSERT INTO PessoaFisica (idCliente,cpf,estadoCivil,sexo,rg) VALUES (19,0000000073,'solteiro','f',0000008);
INSERT INTO PessoaFisica (idCliente,cpf,estadoCivil,sexo,rg) VALUES (20,0000000074,'casado','m',0000032);
INSERT INTO PessoaFisica (idCliente,cpf,estadoCivil,sexo,rg) VALUES (21,0000000075,'solteiro','f',0000009);
INSERT INTO PessoaFisica (idCliente,cpf,estadoCivil,sexo,rg) VALUES (23,0000000076,'solteiro','f',0000010);
INSERT INTO PessoaFisica (idCliente,cpf,estadoCivil,sexo,rg) VALUES (24,0000000077,'solteiro','m',0000011);
INSERT INTO PessoaFisica (idCliente,cpf,estadoCivil,sexo,rg) VALUES (25,0000000078,'casado','m',0000031);
INSERT INTO PessoaFisica (idCliente,cpf,estadoCivil,sexo,rg) VALUES (27,0000000079,'casado','m',0000030);
INSERT INTO PessoaFisica (idCliente,cpf,estadoCivil,sexo,rg) VALUES (28,0000000080,'casado','f',0000029);
INSERT INTO PessoaFisica (idCliente,cpf,estadoCivil,sexo,rg) VALUES (29,0000000081,'solteiro','m',0000012);
INSERT INTO PessoaFisica (idCliente,cpf,estadoCivil,sexo,rg) VALUES (31,0000000082,'solteiro','f',0000013);
INSERT INTO PessoaFisica (idCliente,cpf,estadoCivil,sexo,rg) VALUES (32,0000000083,'solteiro','m',0000014);
INSERT INTO PessoaFisica (idCliente,cpf,estadoCivil,sexo,rg) VALUES (33,0000000084,'solteiro','f',0000015);
INSERT INTO PessoaFisica (idCliente,cpf,estadoCivil,sexo,rg) VALUES (35,0000000085,'casado','f',0000028);
INSERT INTO PessoaFisica (idCliente,cpf,estadoCivil,sexo,rg) VALUES (36,0000000086,'casado','f',0000027);
INSERT INTO PessoaFisica (idCliente,cpf,estadoCivil,sexo,rg) VALUES (37,0000000087,'casado','f',0000026);
INSERT INTO PessoaFisica (idCliente,cpf,estadoCivil,sexo,rg) VALUES (39,0000000088,'solteiro','f',0000016);
INSERT INTO PessoaFisica (idCliente,cpf,estadoCivil,sexo,rg) VALUES (40,0000000089,'casado','m',0000025);
INSERT INTO PessoaFisica (idCliente,cpf,estadoCivil,sexo,rg) VALUES (41,0000000090,'solteiro','f',0000017);
INSERT INTO PessoaFisica (idCliente,cpf,estadoCivil,sexo,rg) VALUES (43,0000000091,'solteiro','f',0000018);
INSERT INTO PessoaFisica (idCliente,cpf,estadoCivil,sexo,rg) VALUES (44,0000000092,'casado','f',0000024);
INSERT INTO PessoaFisica (idCliente,cpf,estadoCivil,sexo,rg) VALUES (45,0000000093,'solteiro','f',0000019);
INSERT INTO PessoaFisica (idCliente,cpf,estadoCivil,sexo,rg) VALUES (47,0000000094,'solteiro','m',0000020);
INSERT INTO PessoaFisica (idCliente,cpf,estadoCivil,sexo,rg) VALUES (48,0000000095,'casado','m',0000023);
INSERT INTO PessoaFisica (idCliente,cpf,estadoCivil,sexo,rg) VALUES (49,0000000096,'solteiro','m',0000021);
INSERT INTO PessoaFisica (idCliente,cpf,estadoCivil,sexo,rg) VALUES (50,0000000097,'casado','m',0000022);


--PessoaJuridica feliz
--idCliente,cpnj,nomeFantasia
-- OK!

INSERT INTO PessoaJuridica (idCliente,cnpj,nomeFantasia) VALUES (46,00000000000101,'Masspace');
INSERT INTO PessoaJuridica (idCliente,cnpj,nomeFantasia) VALUES (42,00000000000102,'Alfabuzz');
INSERT INTO PessoaJuridica (idCliente,cnpj,nomeFantasia) VALUES (38,00000000000103,'Panipedia');
INSERT INTO PessoaJuridica (idCliente,cnpj,nomeFantasia) VALUES (34,00000000000104,'Minix');
INSERT INTO PessoaJuridica (idCliente,cnpj,nomeFantasia) VALUES (30,00000000000105,'Powerre');
INSERT INTO PessoaJuridica (idCliente,cnpj,nomeFantasia) VALUES (26,00000000000106,'Kaynoodle');
INSERT INTO PessoaJuridica (idCliente,cnpj,nomeFantasia) VALUES (22,00000000000107,'Nextags');
INSERT INTO PessoaJuridica (idCliente,cnpj,nomeFantasia) VALUES (18,00000000000108,'Mibox');
INSERT INTO PessoaJuridica (idCliente,cnpj,nomeFantasia) VALUES (14,00000000000109,'Mecaster');
INSERT INTO PessoaJuridica (idCliente,cnpj,nomeFantasia) VALUES (10,00000000000110,'Skynix');
INSERT INTO PessoaJuridica (idCliente,cnpj,nomeFantasia) VALUES (06,00000000000111,'Dazzlement');
INSERT INTO PessoaJuridica (idCliente,cnpj,nomeFantasia) VALUES (02,00000000000112,'Ultraspan');


--Emprestimo feliz
--id,valor,taxaJuros,valorRestante,dataQuitacao
-- OK!

INSERT INTO Emprestimo (id,valor,taxaJuros,valorRestante,dataQuitacao) values (20110001, 372.00, 0.19, 150.00, to_date('19/01/2011 16:00:00', 'DD/MM/YYYY hh24:mi:ss'));
INSERT INTO Emprestimo (id, valor, taxaJuros, valorRestante, dataQuitacao) values (20110002, 2781.00, 0.53, 1205.00, to_date('18/05/2011 16:00:00', 'DD/MM/YYYY hh24:mi:ss'));
INSERT INTO Emprestimo (id, valor, taxaJuros, valorRestante, dataQuitacao) values (20110003, 2140.00, 1.37, 140.00, to_date('09/01/2011 16:00:00', 'DD/MM/YYYY hh24:mi:ss'));
INSERT INTO Emprestimo (id, valor, taxaJuros, valorRestante, dataQuitacao) values (20110004, 182.00, 0.62, 93.00, to_date('09/05/2011 16:00:00', 'DD/MM/YYYY hh24:mi:ss'));
INSERT INTO Emprestimo (id, valor, taxaJuros, valorRestante, dataQuitacao) values (20110005, 2548.00, 2.75, 290.00, to_date('30/06/2011 16:00:00', 'DD/MM/YYYY hh24:mi:ss'));
INSERT INTO Emprestimo (id, valor, taxaJuros, valorRestante, dataQuitacao) values (20110006, 435.00, 2.54, 250.00,  to_date('20/06/2011 16:00:00', 'DD/MM/YYYY hh24:mi:ss'));
INSERT INTO Emprestimo (id, valor, taxaJuros, valorRestante, dataQuitacao) values (20110007, 997.00, 1.30, 90.00, to_date( '08/05/2011 16:00:00', 'DD/MM/YYYY hh24:mi:ss' ));
INSERT INTO Emprestimo (id, valor, taxaJuros, valorRestante, dataQuitacao) values (20110008, 890.00, 2.30, 130.00, to_date('06/04/2011 16:00:00', 'DD/MM/YYYY hh24:mi:ss'));
INSERT INTO Emprestimo (id, valor, taxaJuros, valorRestante, dataQuitacao) values (20110009, 2539.00, 1.38, 1225.00,  to_date('19/06/2011 16:00:00', 'DD/MM/YYYY hh24:mi:ss'));
INSERT INTO Emprestimo (id, valor, taxaJuros, valorRestante, dataQuitacao) values (20110010, 2535.00, 1.11, 1526.00, to_date('10/03/2011 16:00:00', 'DD/MM/YYYY hh24:mi:ss'));
INSERT INTO Emprestimo (id, valor, taxaJuros, valorRestante, dataQuitacao) values (20110011, 662.00, 0.46, 775, to_date('25/06/2011 16:00:00', 'DD/MM/YYYY hh24:mi:ss'));
INSERT INTO Emprestimo (id, valor, taxaJuros, valorRestante, dataQuitacao) values (20110012, 2333.00, 1.42, 657.00, to_date('02/05/2011 16:00:00', 'DD/MM/YYYY hh24:mi:ss'));
INSERT INTO Emprestimo (id, valor, taxaJuros, valorRestante, dataQuitacao) values (20110013, 2112.00, 1.51, 75.00, to_date('03/05/2011 16:00:00', 'DD/MM/YYYY hh24:mi:ss'));
INSERT INTO Emprestimo (id, valor, taxaJuros, valorRestante, dataQuitacao) values (20110014, 2242.00, 0.95, 125.00, to_date('01/03/2011 16:00:00', 'DD/MM/YYYY hh24:mi:ss'));
INSERT INTO Emprestimo (id, valor, taxaJuros, valorRestante, dataQuitacao) values (20110015, 376.00, 0.42, 80.00, to_date('25/08/2011 16:00:00', 'DD/MM/YYYY hh24:mi:ss'));
INSERT INTO Emprestimo (id, valor, taxaJuros, valorRestante, dataQuitacao) values (20110016, 1465.00, 0.45, 965.00, to_date('18/06/2011 16:00:00', 'DD/MM/YYYY hh24:mi:ss'));
INSERT INTO Emprestimo (id, valor, taxaJuros, valorRestante, dataQuitacao) values (20110017, 364.00, 2.60, 156.00, to_date('11/03/2011 16:00:00', 'DD/MM/YYYY hh24:mi:ss'));
INSERT INTO Emprestimo (id, valor, taxaJuros, valorRestante, dataQuitacao) values (20110018, 1166.00, 1.02, 981.00, to_date('09/01/2011 16:00:00', 'DD/MM/YYYY hh24:mi:ss'));
INSERT INTO Emprestimo (id, valor, taxaJuros, valorRestante, dataQuitacao) values (20110019, 1956.00, 0.95, 1780.00, to_date('04/09/2011 16:00:00', 'DD/MM/YYYY hh24:mi:ss'));
INSERT INTO Emprestimo (id, valor, taxaJuros, valorRestante, dataQuitacao) values (20110020, 706.00, 1.44, 520.00, to_date('27/11/2011 16:00:00', 'DD/MM/YYYY hh24:mi:ss'));
INSERT INTO Emprestimo (id, valor, taxaJuros, valorRestante, dataQuitacao) values (20110021, 131.00, 1.78, 50.00, to_date('16/06/2011', 'DD/MM/YYYY hh24:mi:ss'));
INSERT INTO Emprestimo (id, valor, taxaJuros, valorRestante, dataQuitacao) values (20110022, 188.00, 1.30, 98.00, to_date('05/12/2011', 'DD/MM/YYYY hh24:mi:ss'));
INSERT INTO Emprestimo (id, valor, taxaJuros, valorRestante, dataQuitacao) values (20110023, 925.00, 0.63, 458.00, to_date('05/01/2011 16:00:00', 'DD/MM/YYYY hh24:mi:ss'));
INSERT INTO Emprestimo (id, valor, taxaJuros, valorRestante, dataQuitacao) values (20110024, 2902.00, 1.12, 952.00, to_date('18/01/2011', 'DD/MM/YYYY hh24:mi:ss'));
INSERT INTO Emprestimo (id, valor, taxaJuros, valorRestante, dataQuitacao) values (20110025, 414.00, 0.94, 300.00, to_date('05/07/2011','DD/MM/YYYY hh24:mi:ss'));
INSERT INTO Emprestimo (id, valor, taxaJuros, valorRestante, dataQuitacao) values (20110026, 1641.00, 0.75, 98.00, to_date('19/12/2011','DD/MM/YYYY hh24:mi:ss'));
INSERT INTO Emprestimo (id, valor, taxaJuros, valorRestante, dataQuitacao) values (20110027, 2427.00, 2.14, 800.00, to_date('10/01/2011 16:00:00', 'DD/MM/YYYY hh24:mi:ss'));
INSERT INTO Emprestimo (id, valor, taxaJuros, valorRestante, dataQuitacao) values (20110028, 2210.00, 0.94, 154.00, to_date('04/09/2011','DD/MM/YYYY hh24:mi:ss'));
INSERT INTO Emprestimo (id, valor, taxaJuros, valorRestante, dataQuitacao) values (20110029, 639.00, 1.25, 365.00, to_date('16/01/2011 16:00:00', 'DD/MM/YYYY hh24:mi:ss'));
INSERT INTO Emprestimo (id, valor, taxaJuros, valorRestante, dataQuitacao) values (20110030, 1962.00, 2.14, 1600.00, to_date('20/04/2011','DD/MM/YYYY hh24:mi:ss'));
INSERT INTO Emprestimo (id, valor, taxaJuros, valorRestante, dataQuitacao) values (20110031, 267.00, 0.97, 15.00, to_date('12/06/2011','DD/MM/YYYY hh24:mi:ss'));
INSERT INTO Emprestimo (id, valor, taxaJuros, valorRestante, dataQuitacao) values (20110032, 2035.00, 2.50, 540.00, to_date('13/08/2011','DD/MM/YYYY hh24:mi:ss'));
INSERT INTO Emprestimo (id, valor, taxaJuros, valorRestante, dataQuitacao) values (20110033, 80.00, 1.87, 20.00, to_date('04/03/2011/','DD/MM/YYYY hh24:mi:ss'));
INSERT INTO Emprestimo (id, valor, taxaJuros, valorRestante, dataQuitacao) values (20110034, 263.00, 2.05, 120.00, to_date('20/09/2011','DD/MM/YYYY hh24:mi:ss'));
INSERT INTO Emprestimo (id, valor, taxaJuros, valorRestante, dataQuitacao) values (20110035, 2894.00, 2.46, 1586.00, to_date('15/10/2011','DD/MM/YYYY hh24:mi:ss'));
INSERT INTO Emprestimo (id, valor, taxaJuros, valorRestante, dataQuitacao) values (20110036, 556.00, 2.71, 89.00, to_date('15/11/2011','DD/MM/YYYY hh24:mi:ss'));
INSERT INTO Emprestimo (id, valor, taxaJuros, valorRestante, dataQuitacao) values (20110037, 1484.00, 1.02, 1200.00, to_date('10/01/2011','DD/MM/YYYY hh24:mi:ss'));
INSERT INTO Emprestimo (id, valor, taxaJuros, valorRestante, dataQuitacao) values (20110038, 1145.00, 0.27, 86.00, to_date('15/06/2011','DD/MM/YYYY hh24:mi:ss'));
INSERT INTO Emprestimo (id, valor, taxaJuros, valorRestante, dataQuitacao) values (20110039, 1986.00, 2.21, 960.00, to_date('21/02/2011','DD/MM/YYYY hh24:mi:ss'));
INSERT INTO Emprestimo (id, valor, taxaJuros, valorRestante, dataQuitacao) values (20110040, 2864.00, 1.52, 1958.00, to_date('26/05/2011','DD/MM/YYYY hh24:mi:ss'));
INSERT INTO Emprestimo (id, valor, taxaJuros, valorRestante, dataQuitacao) values (20100041, 177.00, 1.68, 61.00, to_date('18/09/2011','DD/MM/YYYY hh24:mi:ss'));
INSERT INTO Emprestimo (id, valor, taxaJuros, valorRestante, dataQuitacao) values (20110042, 2553.00, 1.50, 652.00, to_date('14/07/2011','DD/MM/YYYY hh24:mi:ss'));
INSERT INTO Emprestimo (id, valor, taxaJuros, valorRestante, dataQuitacao) values (20110043, 458.00, 0.69, 153.00,  to_date('03/07/2011','DD/MM/YYYY hh24:mi:ss'));
INSERT INTO Emprestimo (id, valor, taxaJuros, valorRestante, dataQuitacao) values (20110044, 1899.00, 1.79, 1250.00, to_date('25/11/2011','DD/MM/YYYY hh24:mi:ss'));
INSERT INTO Emprestimo (id, valor, taxaJuros, valorRestante, dataQuitacao) values (20110045, 1022.00, 1.86, 875.00, to_date('11/02/2011 16:00:00', 'DD/MM/YYYY hh24:mi:ss'));
INSERT INTO Emprestimo (id, valor, taxaJuros, valorRestante, dataQuitacao) values (20100046, 986.00, 2.73, 550.00, to_date('16/05/2011','DD/MM/YYYY hh24:mi:ss'));
INSERT INTO Emprestimo (id, valor, taxaJuros, valorRestante, dataQuitacao) values (20110047, 2930.00, 0.28, 120.00, to_date('10/05/2011 16:00:00', 'DD/MM/YYYY hh24:mi:ss'));
INSERT INTO Emprestimo (id, valor, taxaJuros, valorRestante, dataQuitacao) values (20110048, 93.00, 1.98, 30.00, to_date('20/12/2011','DD/MM/YYYY hh24:mi:ss'));
INSERT INTO Emprestimo (id, valor, taxaJuros, valorRestante, dataQuitacao) values (20110049, 2130.00, 2.47, 1846.00, to_date('19/02/2011 16:00:00', 'DD/MM/YYYY hh24:mi:ss'));
INSERT INTO Emprestimo (id, valor, taxaJuros, valorRestante, dataQuitacao) values (20110050, 2278.00, 0.43, 587.00, to_date('23/05/2011','DD/MM/YYYY hh24:mi:ss'));


--TelefoneCliente  feliz
--telefone,idCliente
-- OK!

INSERT INTO TelefoneCliente (telefone, idCliente) VALUES (8130114296, 01) ;
INSERT INTO TelefoneCliente (telefone, idCliente) VALUES (8137415203, 02) ;
INSERT INTO TelefoneCliente (telefone, idCliente) VALUES (8335443578, 03) ;
INSERT INTO TelefoneCliente (telefone, idCliente) VALUES (8739452130, 04) ;
INSERT INTO TelefoneCliente (telefone, idCliente) VALUES (8137814534, 05) ;
INSERT INTO TelefoneCliente (telefone, idCliente) VALUES (8198786545, 06) ;
INSERT INTO TelefoneCliente (telefone, idCliente) VALUES (8794211348, 07) ;
INSERT INTO TelefoneCliente (telefone, idCliente) VALUES (8390481651, 08) ;
INSERT INTO TelefoneCliente (telefone, idCliente) VALUES (8784445788, 09) ;
INSERT INTO TelefoneCliente (telefone, idCliente) VALUES (8188844578, 10) ;
INSERT INTO TelefoneCliente (telefone, idCliente) VALUES (8132124481, 11) ;
INSERT INTO TelefoneCliente (telefone, idCliente) VALUES (8733219497, 12) ;
INSERT INTO TelefoneCliente (telefone, idCliente) VALUES (8737874541, 13) ;
INSERT INTO TelefoneCliente (telefone, idCliente) VALUES (8134961658, 14) ;
INSERT INTO TelefoneCliente (telefone, idCliente) VALUES (8335494590, 15) ;
INSERT INTO TelefoneCliente (telefone, idCliente) VALUES (8784484789, 16) ;
INSERT INTO TelefoneCliente (telefone, idCliente) VALUES (8137784615, 17) ;
INSERT INTO TelefoneCliente (telefone, idCliente) VALUES (8394454987, 18) ;
INSERT INTO TelefoneCliente (telefone, idCliente) VALUES (8739825190, 19) ;
INSERT INTO TelefoneCliente (telefone, idCliente) VALUES (8389845054, 20) ;
INSERT INTO TelefoneCliente (telefone, idCliente) VALUES (8195512202, 21) ;
INSERT INTO TelefoneCliente (telefone, idCliente) VALUES (8339875410, 22) ;
INSERT INTO TelefoneCliente (telefone, idCliente) VALUES (8730245165, 23) ;
INSERT INTO TelefoneCliente (telefone, idCliente) VALUES (8186561234, 24) ;
INSERT INTO TelefoneCliente (telefone, idCliente) VALUES (8396885142, 25) ;
INSERT INTO TelefoneCliente (telefone, idCliente) VALUES (8785456252, 26) ;
INSERT INTO TelefoneCliente (telefone, idCliente) VALUES (8335549988, 27) ;
INSERT INTO TelefoneCliente (telefone, idCliente) VALUES (8733211563, 28) ;
INSERT INTO TelefoneCliente (telefone, idCliente) VALUES (8199874112, 29) ;
INSERT INTO TelefoneCliente (telefone, idCliente) VALUES (8332200215, 30) ;
INSERT INTO TelefoneCliente (telefone, idCliente) VALUES (8738787123, 31) ;
INSERT INTO TelefoneCliente (telefone, idCliente) VALUES (8184548001, 32) ;
INSERT INTO TelefoneCliente (telefone, idCliente) VALUES (8731254620, 33) ;
INSERT INTO TelefoneCliente (telefone, idCliente) VALUES (8135656658, 34) ;
INSERT INTO TelefoneCliente (telefone, idCliente) VALUES (8334132320, 35) ;
INSERT INTO TelefoneCliente (telefone, idCliente) VALUES (8136565159, 36) ;
INSERT INTO TelefoneCliente (telefone, idCliente) VALUES (8736554684, 37) ;
INSERT INTO TelefoneCliente (telefone, idCliente) VALUES (8139852004, 38) ;
INSERT INTO TelefoneCliente (telefone, idCliente) VALUES (8139849845, 39) ;
INSERT INTO TelefoneCliente (telefone, idCliente) VALUES (8334565455, 40) ;
INSERT INTO TelefoneCliente (telefone, idCliente) VALUES (8139654465, 41) ;
INSERT INTO TelefoneCliente (telefone, idCliente) VALUES (8739465460, 42) ;
INSERT INTO TelefoneCliente (telefone, idCliente) VALUES (8139651789, 43) ;
INSERT INTO TelefoneCliente (telefone, idCliente) VALUES (8739850005, 44) ;
INSERT INTO TelefoneCliente (telefone, idCliente) VALUES (8739656404, 45) ;
INSERT INTO TelefoneCliente (telefone, idCliente) VALUES (8134552554, 46) ;
INSERT INTO TelefoneCliente (telefone, idCliente) VALUES (8339854604, 47) ;
INSERT INTO TelefoneCliente (telefone, idCliente) VALUES (8736512568, 48) ;
INSERT INTO TelefoneCliente (telefone, idCliente) VALUES (8135776604, 49) ;
INSERT INTO TelefoneCliente (telefone, idCliente) VALUES (8335460204, 50) ;


--Realiza feliz
--idCliente,idEmprestimo,cpfFuncionario,numeroAgencia,nire,dataEmprestimo
-- OK! altas problemas... ^^'

INSERT INTO Realiza (idCliente,idEmprestimo,cpfFuncionario,dataEmprestimo) VALUES (42,20110001,00000000001,to_date('01/01/2011 14:00:00', 'DD/MM/YYYY hh24:mi:ss'));
INSERT INTO Realiza (idCliente,idEmprestimo,cpfFuncionario,dataEmprestimo) VALUES (44,20110002,00000000001,to_date('02/02/2011 14:00:00', 'DD/MM/YYYY hh24:mi:ss'));
INSERT INTO Realiza (idCliente,idEmprestimo,cpfFuncionario,dataEmprestimo) VALUES (46,20110003,00000000001,to_date('03/03/2011 14:00:00', 'DD/MM/YYYY hh24:mi:ss'));
INSERT INTO Realiza (idCliente,idEmprestimo,cpfFuncionario,dataEmprestimo) VALUES (01,20110004,00000000002,to_date('04/04/2011 14:00:00', 'DD/MM/YYYY hh24:mi:ss'));
INSERT INTO Realiza (idCliente,idEmprestimo,cpfFuncionario,dataEmprestimo) VALUES (02,20110005,00000000002,to_date('05/05/2011 14:00:00', 'DD/MM/YYYY hh24:mi:ss'));
INSERT INTO Realiza (idCliente,idEmprestimo,cpfFuncionario,dataEmprestimo) VALUES (02,20110006,00000000002,to_date('06/06/2011 14:00:00', 'DD/MM/YYYY hh24:mi:ss'));
INSERT INTO Realiza (idCliente,idEmprestimo,cpfFuncionario,dataEmprestimo) VALUES (02,20110007,00000000002,to_date('07/07/2011 14:00:00', 'DD/MM/YYYY hh24:mi:ss'));
INSERT INTO Realiza (idCliente,idEmprestimo,cpfFuncionario,dataEmprestimo) VALUES (02,20110008,00000000002,to_date('08/08/2011 14:00:00', 'DD/MM/YYYY hh24:mi:ss'));
INSERT INTO Realiza (idCliente,idEmprestimo,cpfFuncionario,dataEmprestimo) VALUES (06,20110009,00000000007,to_date('13/01/2011 14:00:00', 'DD/MM/YYYY hh24:mi:ss'));
INSERT INTO Realiza (idCliente,idEmprestimo,cpfFuncionario,dataEmprestimo) VALUES (07,20110010,00000000007,to_date('14/02/2011 14:00:00', 'DD/MM/YYYY hh24:mi:ss'));
INSERT INTO Realiza (idCliente,idEmprestimo,cpfFuncionario,dataEmprestimo) VALUES (08,20110011,00000000009,to_date('15/03/2011 14:00:00', 'DD/MM/YYYY hh24:mi:ss'));
INSERT INTO Realiza (idCliente,idEmprestimo,cpfFuncionario,dataEmprestimo) VALUES (09,20110012,00000000009,to_date('16/04/2011 14:00:00', 'DD/MM/YYYY hh24:mi:ss'));
INSERT INTO Realiza (idCliente,idEmprestimo,cpfFuncionario,dataEmprestimo) VALUES (10,20110013,00000000009,to_date('17/05/2011 14:00:00', 'DD/MM/YYYY hh24:mi:ss'));
INSERT INTO Realiza (idCliente,idEmprestimo,cpfFuncionario,dataEmprestimo) VALUES (11,20110014,00000000012,to_date('18/06/2011 14:00:00', 'DD/MM/YYYY hh24:mi:ss'));
INSERT INTO Realiza (idCliente,idEmprestimo,cpfFuncionario,dataEmprestimo) VALUES (12,20110015,00000000012,to_date('19/07/2011 14:00:00', 'DD/MM/YYYY hh24:mi:ss'));
INSERT INTO Realiza (idCliente,idEmprestimo,cpfFuncionario,dataEmprestimo) VALUES (13,20110016,00000000014,to_date('20/08/2011 14:00:00', 'DD/MM/YYYY hh24:mi:ss'));
INSERT INTO Realiza (idCliente,idEmprestimo,cpfFuncionario,dataEmprestimo) VALUES (14,20110017,00000000014,to_date('21/09/2011 14:00:00', 'DD/MM/YYYY hh24:mi:ss'));
INSERT INTO Realiza (idCliente,idEmprestimo,cpfFuncionario,dataEmprestimo) VALUES (15,20110018,00000000014,to_date('22/10/2011 14:00:00', 'DD/MM/YYYY hh24:mi:ss'));
INSERT INTO Realiza (idCliente,idEmprestimo,cpfFuncionario,dataEmprestimo) VALUES (16,20110019,00000000014,to_date('23/11/2011 14:00:00', 'DD/MM/YYYY hh24:mi:ss'));
INSERT INTO Realiza (idCliente,idEmprestimo,cpfFuncionario,dataEmprestimo) VALUES (17,20110020,00000000018,to_date('24/12/2011 14:00:00', 'DD/MM/YYYY hh24:mi:ss'));
INSERT INTO Realiza (idCliente,idEmprestimo,cpfFuncionario,dataEmprestimo) VALUES (18,20110021,00000000018,to_date('25/01/2011 14:00:00', 'DD/MM/YYYY hh24:mi:ss'));
INSERT INTO Realiza (idCliente,idEmprestimo,cpfFuncionario,dataEmprestimo) VALUES (19,20110022,00000000021,to_date('26/02/2011 14:00:00', 'DD/MM/YYYY hh24:mi:ss'));
INSERT INTO Realiza (idCliente,idEmprestimo,cpfFuncionario,dataEmprestimo) VALUES (20,20110023,00000000021,to_date('27/03/2011 14:00:00', 'DD/MM/YYYY hh24:mi:ss'));
INSERT INTO Realiza (idCliente,idEmprestimo,cpfFuncionario,dataEmprestimo) VALUES (22,20110024,00000000023,to_date('28/04/2011 14:00:00', 'DD/MM/YYYY hh24:mi:ss'));
INSERT INTO Realiza (idCliente,idEmprestimo,cpfFuncionario,dataEmprestimo) VALUES (23,20110025,00000000023,to_date('01/05/2011 14:00:00', 'DD/MM/YYYY hh24:mi:ss'));
INSERT INTO Realiza (idCliente,idEmprestimo,cpfFuncionario,dataEmprestimo) VALUES (24,20110026,00000000025,to_date('02/06/2011 14:00:00', 'DD/MM/YYYY hh24:mi:ss'));
INSERT INTO Realiza (idCliente,idEmprestimo,cpfFuncionario,dataEmprestimo) VALUES (25,20110027,00000000026,to_date('03/07/2011 14:00:00', 'DD/MM/YYYY hh24:mi:ss'));
INSERT INTO Realiza (idCliente,idEmprestimo,cpfFuncionario,dataEmprestimo) VALUES (26,20110028,00000000027,to_date('04/08/2011 14:00:00', 'DD/MM/YYYY hh24:mi:ss'));
INSERT INTO Realiza (idCliente,idEmprestimo,cpfFuncionario,dataEmprestimo) VALUES (27,20110029,00000000028,to_date('05/09/2011 14:00:00', 'DD/MM/YYYY hh24:mi:ss'));
INSERT INTO Realiza (idCliente,idEmprestimo,cpfFuncionario,dataEmprestimo) VALUES (28,20110030,00000000029,to_date('06/10/2011 14:00:00', 'DD/MM/YYYY hh24:mi:ss'));
INSERT INTO Realiza (idCliente,idEmprestimo,cpfFuncionario,dataEmprestimo) VALUES (29,20110031,00000000030,to_date('07/11/2011 14:00:00', 'DD/MM/YYYY hh24:mi:ss'));
INSERT INTO Realiza (idCliente,idEmprestimo,cpfFuncionario,dataEmprestimo) VALUES (30,20110032,00000000031,to_date('08/12/2011 14:00:00', 'DD/MM/YYYY hh24:mi:ss'));
INSERT INTO Realiza (idCliente,idEmprestimo,cpfFuncionario,dataEmprestimo) VALUES (32,20110033,00000000032,to_date('09/01/2011 14:00:00', 'DD/MM/YYYY hh24:mi:ss'));
INSERT INTO Realiza (idCliente,idEmprestimo,cpfFuncionario,dataEmprestimo) VALUES (33,20110034,00000000033,to_date('10/02/2011 14:00:00', 'DD/MM/YYYY hh24:mi:ss'));
INSERT INTO Realiza (idCliente,idEmprestimo,cpfFuncionario,dataEmprestimo) VALUES (34,20110035,00000000034,to_date('11/03/2011 14:00:00', 'DD/MM/YYYY hh24:mi:ss'));
INSERT INTO Realiza (idCliente,idEmprestimo,cpfFuncionario,dataEmprestimo) VALUES (35,20110036,00000000035,to_date('12/04/2011 14:00:00', 'DD/MM/YYYY hh24:mi:ss'));
INSERT INTO Realiza (idCliente,idEmprestimo,cpfFuncionario,dataEmprestimo) VALUES (36,20110037,00000000036,to_date('13/05/2011 14:00:00', 'DD/MM/YYYY hh24:mi:ss'));
INSERT INTO Realiza (idCliente,idEmprestimo,cpfFuncionario,dataEmprestimo) VALUES (37,20110038,00000000037,to_date('14/06/2011 14:00:00', 'DD/MM/YYYY hh24:mi:ss'));
INSERT INTO Realiza (idCliente,idEmprestimo,cpfFuncionario,dataEmprestimo) VALUES (38,20110039,00000000038,to_date('15/07/2011 14:00:00', 'DD/MM/YYYY hh24:mi:ss'));
INSERT INTO Realiza (idCliente,idEmprestimo,cpfFuncionario,dataEmprestimo) VALUES (39,20110040,00000000039,to_date('16/08/2011 14:00:00', 'DD/MM/YYYY hh24:mi:ss'));
INSERT INTO Realiza (idCliente,idEmprestimo,cpfFuncionario,dataEmprestimo) VALUES (40,20100041,00000000040,to_date('17/09/2011 14:00:00', 'DD/MM/YYYY hh24:mi:ss'));
INSERT INTO Realiza (idCliente,idEmprestimo,cpfFuncionario,dataEmprestimo) VALUES (42,20110042,00000000041,to_date('18/10/2011 14:00:00', 'DD/MM/YYYY hh24:mi:ss'));
INSERT INTO Realiza (idCliente,idEmprestimo,cpfFuncionario,dataEmprestimo) VALUES (43,20110043,00000000042,to_date('19/11/2011 14:00:00', 'DD/MM/YYYY hh24:mi:ss'));
INSERT INTO Realiza (idCliente,idEmprestimo,cpfFuncionario,dataEmprestimo) VALUES (44,20110044,00000000043,to_date('20/12/2011 14:00:00', 'DD/MM/YYYY hh24:mi:ss'));
INSERT INTO Realiza (idCliente,idEmprestimo,cpfFuncionario,dataEmprestimo) VALUES (45,20110045,00000000045,to_date('21/07/2011 14:00:00', 'DD/MM/YYYY hh24:mi:ss'));
INSERT INTO Realiza (idCliente,idEmprestimo,cpfFuncionario,dataEmprestimo) VALUES (46,20100046,00000000046,to_date('22/08/2011 14:00:00', 'DD/MM/YYYY hh24:mi:ss'));
INSERT INTO Realiza (idCliente,idEmprestimo,cpfFuncionario,dataEmprestimo) VALUES (47,20110047,00000000047,to_date('23/09/2011 14:00:00', 'DD/MM/YYYY hh24:mi:ss'));
INSERT INTO Realiza (idCliente,idEmprestimo,cpfFuncionario,dataEmprestimo) VALUES (48,20110048,00000000048,to_date('24/10/2011 14:00:00', 'DD/MM/YYYY hh24:mi:ss'));
INSERT INTO Realiza (idCliente,idEmprestimo,cpfFuncionario,dataEmprestimo) VALUES (49,20110049,00000000049,to_date('25/11/2011 14:00:00', 'DD/MM/YYYY hh24:mi:ss'));
INSERT INTO Realiza (idCliente,idEmprestimo,cpfFuncionario,dataEmprestimo) VALUES (50,20110050,00000000050,to_date('26/12/2011 14:00:00', 'DD/MM/YYYY hh24:mi:ss'));


--Pagamento feliz
--id, idEmprestimo, data, valor
-- OK!

INSERT INTO Pagamento (id, idEmprestimo, dataPagamento, valor) values (0120110011, 20110011, to_date('22/01/2011 16:00:00', 'DD/MM/YYYY hh24:mi:ss'), 84.00);
INSERT INTO Pagamento (id, idEmprestimo, dataPagamento, valor) values (0120110003, 20110003, to_date('05/01/2011 16:00:00', 'DD/MM/YYYY hh24:mi:ss'), 205.00);
INSERT INTO Pagamento (id, idEmprestimo, dataPagamento, valor) values (0120110001, 20110001, to_date('19/01/2011 16:00:00', 'DD/MM/YYYY hh24:mi:ss'), 250.00);
INSERT INTO Pagamento (id, idEmprestimo, dataPagamento, valor) values (0120110047, 20110047, to_date('06/01/2011 16:00:00', 'DD/MM/YYYY hh24:mi:ss'), 385.00);
INSERT INTO Pagamento (id, idEmprestimo, dataPagamento, valor) values (0120110023, 20110023, to_date('05/01/2011 16:00:00', 'DD/MM/YYYY hh24:mi:ss'), 458.00);
INSERT INTO Pagamento (id, idEmprestimo, dataPagamento, valor) values (0120100003, 20110003, to_date('09/01/2011 16:00:00', 'DD/MM/YYYY hh24:mi:ss'), 140.00);
INSERT INTO Pagamento (id, idEmprestimo, dataPagamento, valor) values (0120110027, 20110027, to_date('10/01/2011 16:00:00', 'DD/MM/YYYY hh24:mi:ss'), 800.00);
INSERT INTO Pagamento (id, idEmprestimo, dataPagamento, valor) values (0120100047, 20110047, to_date('29/01/2011 16:00:00', 'DD/MM/YYYY hh24:mi:ss'), 157.00);
INSERT INTO Pagamento (id, idEmprestimo, dataPagamento, valor) values (0120090003, 20110003, to_date('07/01/2011 16:00:00', 'DD/MM/YYYY hh24:mi:ss'), 195.00);
INSERT INTO Pagamento (id, idEmprestimo, dataPagamento, valor) values (0120110029, 20110029, to_date('16/01/2011 16:00:00', 'DD/MM/YYYY hh24:mi:ss'), 487.00);
INSERT INTO Pagamento (id, idEmprestimo, dataPagamento, valor) values (0120110018, 20110018, to_date('09/01/2011 16:00:00', 'DD/MM/YYYY hh24:mi:ss'), 981.00);
INSERT INTO Pagamento (id, idEmprestimo, dataPagamento, valor) values (0220110013, 20110013, to_date('25/02/2011 16:00:00', 'DD/MM/YYYY hh24:mi:ss'), 250.00);
INSERT INTO Pagamento (id, idEmprestimo, dataPagamento, valor) values (0220110047, 20110047, to_date('16/02/2011 16:00:00', 'DD/MM/YYYY hh24:mi:ss'), 120.00);
INSERT INTO Pagamento (id, idEmprestimo, dataPagamento, valor) values (0220110003, 20110003, to_date('11/02/2011 16:00:00', 'DD/MM/YYYY hh24:mi:ss'), 45.00);
INSERT INTO Pagamento (id, idEmprestimo, dataPagamento, valor) values (0220110023, 20110023, to_date('19/02/2011 16:00:00', 'DD/MM/YYYY hh24:mi:ss'), 84.00);
INSERT INTO Pagamento (id, idEmprestimo, dataPagamento, valor) values (0220100013, 20110013, to_date('26/02/2011 16:00:00', 'DD/MM/YYYY hh24:mi:ss'), 146.00);
INSERT INTO Pagamento (id, idEmprestimo, dataPagamento, valor) values (0220100047, 20110047, to_date('13/02/2011 16:00:00', 'DD/MM/YYYY hh24:mi:ss'), 50.00);
INSERT INTO Pagamento (id, idEmprestimo, dataPagamento, valor) values (0220070013, 20110013, to_date('14/02/2011 16:00:00', 'DD/MM/YYYY hh24:mi:ss'), 185.00);
INSERT INTO Pagamento (id, idEmprestimo, dataPagamento, valor) values (0220110049, 20110049, to_date('19/02/2011 16:00:00', 'DD/MM/YYYY hh24:mi:ss'), 1846.00);
INSERT INTO Pagamento (id, idEmprestimo, dataPagamento, valor) values (0220090013, 20110003, to_date('05/02/2011 16:00:00', 'DD/MM/YYYY hh24:mi:ss'), 50.00);
INSERT INTO Pagamento (id, idEmprestimo, dataPagamento, valor) values (0220110045, 20110045, to_date('11/02/2011 16:00:00', 'DD/MM/YYYY hh24:mi:ss'), 875.00);
INSERT INTO Pagamento (id, idEmprestimo, dataPagamento, valor) values (0320110003, 20110003, to_date('09/03/2011 16:00:00', 'DD/MM/YYYY hh24:mi:ss'), 75.00);
INSERT INTO Pagamento (id, idEmprestimo, dataPagamento, valor) values (0320110010, 20110010, to_date('06/03/2011 16:00:00', 'DD/MM/YYYY hh24:mi:ss'), 55.00);
INSERT INTO Pagamento (id, idEmprestimo, dataPagamento, valor) values (0320100003, 20110003, to_date('10/03/2011 16:00:00', 'DD/MM/YYYY hh24:mi:ss'), 145.00);
INSERT INTO Pagamento (id, idEmprestimo, dataPagamento, valor) values (0320080013, 20110013, to_date('15/03/2011 16:00:00', 'DD/MM/YYYY hh24:mi:ss'), 148.00);
INSERT INTO Pagamento (id, idEmprestimo, dataPagamento, valor) values (0320110047, 20110047, to_date('22/03/2011 16:00:00', 'DD/MM/YYYY hh24:mi:ss'), 255.00);
INSERT INTO Pagamento (id, idEmprestimo, dataPagamento, valor) values (0320090003, 20110003, to_date('11/03/2011 16:00:00', 'DD/MM/YYYY hh24:mi:ss'), 150.00);
INSERT INTO Pagamento (id, idEmprestimo, dataPagamento, valor) values (0320110014, 20110014, to_date('01/03/2011 16:00:00', 'DD/MM/YYYY hh24:mi:ss'), 125.00);
INSERT INTO Pagamento (id, idEmprestimo, dataPagamento, valor) values (0320110013, 20110013, to_date('22/03/2011 16:00:00', 'DD/MM/YYYY hh24:mi:ss'), 185.00);
INSERT INTO Pagamento (id, idEmprestimo, dataPagamento, valor) values (0320100047, 20110047, to_date('16/03/2011 16:00:00', 'DD/MM/YYYY hh24:mi:ss'), 50.00);
INSERT INTO Pagamento (id, idEmprestimo, dataPagamento, valor) values (0320110017, 20110017, to_date('11/03/2011 16:00:00', 'DD/MM/YYYY hh24:mi:ss'), 156.00);
INSERT INTO Pagamento (id, idEmprestimo, dataPagamento, valor) values (0320110012, 20110010, to_date('10/03/2011 16:00:00', 'DD/MM/YYYY hh24:mi:ss'), 1526.00);
INSERT INTO Pagamento (id, idEmprestimo, dataPagamento, valor) values (0420110008, 20110008, to_date('06/04/2011 16:00:00', 'DD/MM/YYYY hh24:mi:ss'),130.00);
INSERT INTO Pagamento (id, idEmprestimo, dataPagamento, valor) values (0420100013, 20110013, to_date('09/04/2011 16:00:00', 'DD/MM/YYYY hh24:mi:ss'), 195.00);
INSERT INTO Pagamento (id, idEmprestimo, dataPagamento, valor) values (0420110016, 20110016, to_date('02/04/2011 16:00:00', 'DD/MM/YYYY hh24:mi:ss'), 965.00);
INSERT INTO Pagamento (id, idEmprestimo, dataPagamento, valor) values (0420100011, 20110013, to_date('08/04/2011 16:00:00', 'DD/MM/YYYY hh24:mi:ss'), 85.00);
INSERT INTO Pagamento (id, idEmprestimo, dataPagamento, valor) values (0420100003, 20110003, to_date('27/04/2011 16:00:00', 'DD/MM/YYYY hh24:mi:ss'), 50.00);
INSERT INTO Pagamento (id, idEmprestimo, dataPagamento, valor) values (0420110006, 20110006, to_date('23/04/2011 16:00:00', 'DD/MM/YYYY hh24:mi:ss'), 150.00);
INSERT INTO Pagamento (id, idEmprestimo, dataPagamento, valor) values (0420110047, 20110047, to_date('11/04/2011 16:00:00', 'DD/MM/YYYY hh24:mi:ss'), 150.00);
INSERT INTO Pagamento (id, idEmprestimo, dataPagamento, valor) values (0420110011, 20110011, to_date('11/04/2011 16:00:00', 'DD/MM/YYYY hh24:mi:ss'), 120.00);
INSERT INTO Pagamento (id, idEmprestimo, dataPagamento, valor) values (0420110003, 20110003, to_date('21/04/2011 16:00:00', 'DD/MM/YYYY hh24:mi:ss'), 80.00);
INSERT INTO Pagamento (id, idEmprestimo, dataPagamento, valor) values (0420100047, 20110047, to_date('19/04/2011 16:00:00', 'DD/MM/YYYY hh24:mi:ss'), 185.00);
INSERT INTO Pagamento (id, idEmprestimo, dataPagamento, valor) values (0420110013, 20110013, to_date('15/04/2011 16:00:00', 'DD/MM/YYYY hh24:mi:ss'), 65.00);
INSERT INTO Pagamento (id, idEmprestimo, dataPagamento, valor) values (0520110012, 20110012, to_date('02/05/2011 16:00:00', 'DD/MM/YYYY hh24:mi:ss'), 657.00);
INSERT INTO Pagamento (id, idEmprestimo, dataPagamento, valor) values (0520100013, 20110013, to_date('25/05/2011 16:00:00', 'DD/MM/YYYY hh24:mi:ss'), 55.00);
INSERT INTO Pagamento (id, idEmprestimo, dataPagamento, valor) values (0520110010, 20110010, to_date('11/05/2011 16:00:00', 'DD/MM/YYYY hh24:mi:ss'), 1526.00);
INSERT INTO Pagamento (id, idEmprestimo, dataPagamento, valor) values (0520100010, 20110010, to_date('30/05/2011 16:00:00', 'DD/MM/YYYY hh24:mi:ss'), 540.00);
INSERT INTO Pagamento (id, idEmprestimo, dataPagamento, valor) values (0520110003, 20110003, to_date('22/05/2011 16:00:00', 'DD/MM/YYYY hh24:mi:ss'), 65.00);
INSERT INTO Pagamento (id, idEmprestimo, dataPagamento, valor) values (0520090010, 20110010, to_date('29/05/2011 16:00:00', 'DD/MM/YYYY hh24:mi:ss'), 50.00);
INSERT INTO Pagamento (id, idEmprestimo, dataPagamento, valor) values (0520110047, 20110047, to_date('10/05/2011 16:00:00', 'DD/MM/YYYY hh24:mi:ss'), 120.00);
INSERT INTO Pagamento (id, idEmprestimo, dataPagamento, valor) values (0520110002, 20110002, to_date('18/05/2011 16:00:00', 'DD/MM/YYYY hh24:mi:ss'), 1205.00);
INSERT INTO Pagamento (id, idEmprestimo, dataPagamento, valor) values (0520110004, 20110004, to_date('09/05/2011 16:00:00', 'DD/MM/YYYY hh24:mi:ss'), 93.00);
INSERT INTO Pagamento (id, idEmprestimo, dataPagamento, valor) values (0520110013, 20110013, to_date('03/05/2011 16:00:00', 'DD/MM/YYYY hh24:mi:ss'), 75.00);
INSERT INTO Pagamento (id, idEmprestimo, dataPagamento, valor) values (0520110011, 20110011, to_date('04/05/2011 16:00:00', 'DD/MM/YYYY hh24:mi:ss'), 150.00);
INSERT INTO Pagamento (id, idEmprestimo, dataPagamento, valor) values (0620110010, 20110010, to_date('13/06/2011 16:00:00', 'DD/MM/YYYY hh24:mi:ss'), 75.00);
INSERT INTO Pagamento (id, idEmprestimo, dataPagamento, valor) values (0620110005, 20110005, to_date('30/06/2011 16:00:00', 'DD/MM/YYYY hh24:mi:ss'), 290.00);
INSERT INTO Pagamento (id, idEmprestimo, dataPagamento, valor) values (0620110016, 20110016, to_date('18/06/2011 16:00:00', 'DD/MM/YYYY hh24:mi:ss'), 965.00);
INSERT INTO Pagamento (id, idEmprestimo, dataPagamento, valor) values (0620110047, 20110047, to_date('21/06/2011 16:00:00', 'DD/MM/YYYY hh24:mi:ss'), 85.00);
INSERT INTO Pagamento (id, idEmprestimo, dataPagamento, valor) values (0620100010, 20110010, to_date('26/06/2011 16:00:00', 'DD/MM/YYYY hh24:mi:ss'), 50.00);
INSERT INTO Pagamento (id, idEmprestimo, dataPagamento, valor) values (0620110006, 20110006, to_date('20/06/2011 16:00:00', 'DD/MM/YYYY hh24:mi:ss'), 250.00);
INSERT INTO Pagamento (id, idEmprestimo, dataPagamento, valor) values (0620110009, 20110009, to_date('19/06/2011 16:00:00', 'DD/MM/YYYY hh24:mi:ss'), 1225.00);
INSERT INTO Pagamento (id, idEmprestimo, dataPagamento, valor) values (0620110013, 20110013, to_date('05/06/2011 16:00:00', 'DD/MM/YYYY hh24:mi:ss'), 285.00);
INSERT INTO Pagamento (id, idEmprestimo, dataPagamento, valor) values (0620090010, 20110010, to_date('16/06/2011 16:00:00', 'DD/MM/YYYY hh24:mi:ss'), 65.00);
INSERT INTO Pagamento (id, idEmprestimo, dataPagamento, valor) values (0620110011, 20110011, to_date('25/06/2011 16:00:00', 'DD/MM/YYYY hh24:mi:ss'), 75.00);
INSERT INTO Pagamento (id, idEmprestimo, dataPagamento, valor) values (0620100047, 20110047, to_date('18/06/2011 16:00:00', 'DD/MM/YYYY hh24:mi:ss'), 248.00);
